,batch_size,clip_grad_norm,data_path,device,exclude_classes,handle_max_length,logging_steps,max_lr,model,num_classes,num_epochs,output_dir,save_path,seed,warmup_steps,weight_decay
0,16,,../data/dataset.pkl,cuda,unknown,truncate,5,0.0001,clinicalbiobert,5,40,../results,../results/20220426/210518,28922,50,0.01
1,16,,../data/dataset.pkl,cuda,unknown,truncate,5,0.0005,clinicalbiobert,5,50,../results,../results/20220426/234619,98535,100,0.001
2,16,,../data/dataset.pkl,cuda,unknown,truncate,5,0.0002,clinicalbiobert,5,30,../results,../results/20220426/220707,16494,100,0.001
3,16,,../data/dataset.pkl,cuda,unknown,truncate,5,0.0001,clinicalbiobert,5,40,../results,../results/20220426/203522,46338,150,0.0001
4,16,,../data/dataset.pkl,cuda,unknown,truncate,5,0.0001,clinicalbiobert,5,40,../results,../results/20220426/200528,20741,50,1e-05
5,16,,../data/dataset.pkl,cuda,unknown,truncate,5,0.0002,clinicalbiobert,5,40,../results,../results/20220426/222750,41386,100,0.01
6,16,,../data/dataset.pkl,cuda,unknown,truncate,5,0.0002,clinicalbiobert,5,40,../results,../results/20220426/223236,95714,150,0.01
7,16,,../data/dataset.pkl,cuda,unknown,truncate,5,0.0002,clinicalbiobert,5,40,../results,../results/20220426/214922,3463,100,0.0001
8,16,,../data/dataset.pkl,cuda,unknown,truncate,5,0.0002,clinicalbiobert,5,30,../results,../results/20220426/211848,63797,25,1e-05
9,16,,../data/dataset.pkl,cuda,unknown,truncate,5,0.0002,clinicalbiobert,5,50,../results,../results/20220426/215550,72382,150,0.0001
10,16,,../data/dataset.pkl,cuda,unknown,truncate,5,0.0001,clinicalbiobert,5,40,../results,../results/20220426/202549,88513,50,0.0001
11,16,,../data/dataset.pkl,cuda,unknown,truncate,5,0.0002,clinicalbiobert,5,40,../results,../results/20220426/222253,10224,50,0.01
12,16,,../data/dataset.pkl,cuda,unknown,truncate,5,0.0001,clinicalbiobert,5,30,../results,../results/20220426/200334,56124,50,1e-05
13,16,,../data/dataset.pkl,cuda,unknown,truncate,5,0.0001,clinicalbiobert,5,30,../results,../results/20220426/200024,39709,25,1e-05
14,16,,../data/dataset.pkl,cuda,unknown,truncate,5,0.0002,clinicalbiobert,5,50,../results,../results/20220426/214540,69928,50,0.0001
15,16,,../data/dataset.pkl,cuda,unknown,truncate,5,0.0002,clinicalbiobert,5,50,../results,../results/20220426/213119,81670,100,1e-05
16,16,,../data/dataset.pkl,cuda,unknown,truncate,5,0.0002,clinicalbiobert,5,30,../results,../results/20220426/223126,93399,150,0.01
17,16,,../data/dataset.pkl,cuda,unknown,truncate,5,0.0002,clinicalbiobert,5,50,../results,../results/20220426/221451,2033,150,0.001
18,16,,../data/dataset.pkl,cuda,unknown,truncate,5,0.0005,clinicalbiobert,5,50,../results,../results/20220426/231019,28987,100,1e-05
19,16,,../data/dataset.pkl,cuda,unknown,truncate,5,0.0001,clinicalbiobert,5,30,../results,../results/20220426/201510,94934,150,1e-05
20,16,,../data/dataset.pkl,cuda,unknown,truncate,5,0.0001,clinicalbiobert,5,40,../results,../results/20220426/202013,75449,25,0.0001
21,16,,../data/dataset.pkl,cuda,unknown,truncate,5,0.0005,clinicalbiobert,5,40,../results,../results/20220426/234512,86353,100,0.001
22,16,,../data/dataset.pkl,cuda,unknown,truncate,5,0.0005,clinicalbiobert,5,30,../results,../results/20220426/234919,62419,150,0.001
23,16,,../data/dataset.pkl,cuda,unknown,truncate,5,0.0005,clinicalbiobert,5,50,../results,../results/20220426/235639,84134,25,0.01
24,16,,../data/dataset.pkl,cuda,unknown,truncate,5,0.0005,clinicalbiobert,5,30,../results,../results/20220426/233952,23118,50,0.001
25,16,,../data/dataset.pkl,cuda,unknown,truncate,5,0.0005,clinicalbiobert,5,30,../results,../results/20220426/234434,99637,100,0.001
26,16,,../data/dataset.pkl,cuda,unknown,truncate,5,0.0001,clinicalbiobert,5,30,../results,../results/20220426/205431,7222,150,0.001
27,16,,../data/dataset.pkl,cuda,unknown,truncate,5,0.0001,clinicalbiobert,5,40,../results,../results/20220426/204505,93253,50,0.001
28,16,,../data/dataset.pkl,cuda,unknown,truncate,5,0.0005,clinicalbiobert,5,30,../results,../results/20220426/224054,26986,50,1e-05
29,16,,../data/dataset.pkl,cuda,unknown,truncate,5,0.0002,clinicalbiobert,5,50,../results,../results/20220426/212658,86760,50,1e-05
30,16,,../data/dataset.pkl,cuda,unknown,truncate,5,0.0005,clinicalbiobert,5,30,../results,../results/20220426/223616,19960,25,1e-05
31,16,,../data/dataset.pkl,cuda,unknown,truncate,5,0.0005,clinicalbiobert,5,50,../results,../results/20220426/233743,28047,25,0.001
32,16,,../data/dataset.pkl,cuda,unknown,truncate,5,0.0005,clinicalbiobert,5,50,../results,../results/20220426/232355,73571,50,0.0001
33,16,,../data/dataset.pkl,cuda,unknown,truncate,5,0.0002,clinicalbiobert,5,40,../results,../results/20220426/221815,94236,25,0.01
34,16,,../data/dataset.pkl,cuda,unknown,truncate,5,0.0002,clinicalbiobert,5,40,../results,../results/20220426/214312,82066,50,0.0001
35,16,,../data/dataset.pkl,cuda,unknown,truncate,5,0.0001,clinicalbiobert,5,30,../results,../results/20220426/205016,64559,100,0.001
36,16,,../data/dataset.pkl,cuda,unknown,truncate,5,0.0002,clinicalbiobert,5,40,../results,../results/20220426/220811,44466,100,0.001
37,16,,../data/dataset.pkl,cuda,unknown,truncate,5,0.0005,clinicalbiobert,5,40,../results,../results/20220426/235009,63797,150,0.001
38,16,,../data/dataset.pkl,cuda,unknown,truncate,5,0.0002,clinicalbiobert,5,30,../results,../results/20220426/214230,28728,50,0.0001
39,16,,../data/dataset.pkl,cuda,unknown,truncate,5,0.0005,clinicalbiobert,5,50,../results,../results/20220426/231320,30874,150,1e-05
40,16,,../data/dataset.pkl,cuda,unknown,truncate,5,0.0001,clinicalbiobert,5,40,../results,../results/20220426/201621,3149,150,1e-05
41,16,,../data/dataset.pkl,cuda,unknown,truncate,5,0.0005,clinicalbiobert,5,50,../results,../results/20220426/235117,14433,150,0.001
42,16,,../data/dataset.pkl,cuda,unknown,truncate,5,0.0001,clinicalbiobert,5,30,../results,../results/20220426/210906,61195,100,0.01
43,16,,../data/dataset.pkl,cuda,unknown,truncate,5,0.0005,clinicalbiobert,5,40,../results,../results/20220426/230518,26517,50,1e-05
44,16,,../data/dataset.pkl,cuda,unknown,truncate,5,0.0001,clinicalbiobert,5,40,../results,../results/20220426/205925,29750,25,0.01
45,16,,../data/dataset.pkl,cuda,unknown,truncate,5,0.0001,clinicalbiobert,5,40,../results,../results/20220426/200324,55886,25,1e-05
46,16,,../data/dataset.pkl,cuda,unknown,truncate,5,0.0001,clinicalbiobert,5,50,../results,../results/20220426/210554,57511,50,0.01
47,16,,../data/dataset.pkl,cuda,unknown,truncate,5,0.0001,clinicalbiobert,5,40,../results,../results/20220426/201124,76387,100,1e-05
48,16,,../data/dataset.pkl,cuda,unknown,truncate,5,0.0005,clinicalbiobert,5,50,../results,../results/20220426/223908,6698,25,1e-05
49,16,,../data/dataset.pkl,cuda,unknown,truncate,5,0.0002,clinicalbiobert,5,50,../results,../results/20220426/212020,73134,25,1e-05
50,16,,../data/dataset.pkl,cuda,unknown,truncate,5,0.0001,clinicalbiobert,5,40,../results,../results/20220426/205515,61943,150,0.001
51,16,,../data/dataset.pkl,cuda,unknown,truncate,5,0.0002,clinicalbiobert,5,50,../results,../results/20220426/214952,40142,100,0.0001
52,16,,../data/dataset.pkl,cuda,unknown,truncate,5,0.0005,clinicalbiobert,5,40,../results,../results/20220426/230534,83990,100,1e-05
53,16,,../data/dataset.pkl,cuda,unknown,truncate,5,0.0001,clinicalbiobert,5,30,../results,../results/20220426/203455,63558,150,0.0001
54,16,,../data/dataset.pkl,cuda,unknown,truncate,5,0.0002,clinicalbiobert,5,30,../results,../results/20220426/215723,57380,25,0.001
55,16,,../data/dataset.pkl,cuda,unknown,truncate,5,0.0001,clinicalbiobert,5,50,../results,../results/20220426/210158,42582,25,0.01
56,16,,../data/dataset.pkl,cuda,unknown,truncate,5,0.0002,clinicalbiobert,5,50,../results,../results/20220426/221935,50527,25,0.01
57,16,,../data/dataset.pkl,cuda,unknown,truncate,5,0.0005,clinicalbiobert,5,40,../results,../results/20220426/231751,72345,25,0.0001
58,16,,../data/dataset.pkl,cuda,unknown,truncate,5,0.0001,clinicalbiobert,5,40,../results,../results/20220426/203040,80512,100,0.0001
59,16,,../data/dataset.pkl,cuda,unknown,truncate,5,0.0005,clinicalbiobert,5,40,../results,../results/20220426/233547,8251,25,0.001
60,16,,../data/dataset.pkl,cuda,unknown,truncate,5,0.0001,clinicalbiobert,5,50,../results,../results/20220426/211200,27042,100,0.01
61,16,,../data/dataset.pkl,cuda,unknown,truncate,5,0.0002,clinicalbiobert,5,50,../results,../results/20220426/214131,25057,25,0.0001
62,16,,../data/dataset.pkl,cuda,unknown,truncate,5,0.0002,clinicalbiobert,5,50,../results,../results/20220426/222437,40942,50,0.01
63,16,,../data/dataset.pkl,cuda,unknown,truncate,5,0.0005,clinicalbiobert,5,40,../results,../results/20220426/231137,82368,150,1e-05
64,16,,../data/dataset.pkl,cuda,unknown,truncate,5,0.0002,clinicalbiobert,5,30,../results,../results/20220426/222634,64752,100,0.01
65,16,,../data/dataset.pkl,cuda,unknown,truncate,5,0.0005,clinicalbiobert,5,50,../results,../results/20220426/231804,77542,25,0.0001
66,16,,../data/dataset.pkl,cuda,unknown,truncate,5,0.0001,clinicalbiobert,5,50,../results,../results/20220426/203704,40820,150,0.0001
67,16,,../data/dataset.pkl,cuda,unknown,truncate,5,0.0001,clinicalbiobert,5,30,../results,../results/20220426/200958,25244,100,1e-05
68,16,,../data/dataset.pkl,cuda,unknown,truncate,5,0.0001,clinicalbiobert,5,30,../results,../results/20220426/203017,89859,100,0.0001
69,16,,../data/dataset.pkl,cuda,unknown,truncate,5,0.0002,clinicalbiobert,5,40,../results,../results/20220426/212445,42652,50,1e-05
70,16,,../data/dataset.pkl,cuda,unknown,truncate,5,0.0005,clinicalbiobert,5,40,../results,../results/20220426/234004,96155,50,0.001
71,16,,../data/dataset.pkl,cuda,unknown,truncate,5,0.0001,clinicalbiobert,5,50,../results,../results/20220426/200827,77981,50,1e-05
72,16,,../data/dataset.pkl,cuda,unknown,truncate,5,0.0002,clinicalbiobert,5,50,../results,../results/20220426/223427,59257,150,0.01
73,16,,../data/dataset.pkl,cuda,unknown,truncate,5,0.0001,clinicalbiobert,5,30,../results,../results/20220426/210405,1470,50,0.01
74,16,,../data/dataset.pkl,cuda,unknown,truncate,5,0.0002,clinicalbiobert,5,40,../results,../results/20220426/213925,54794,25,0.0001
75,16,,../data/dataset.pkl,cuda,unknown,truncate,5,0.0002,clinicalbiobert,5,30,../results,../results/20220426/222140,54122,50,0.01
76,16,,../data/dataset.pkl,cuda,unknown,truncate,5,0.0005,clinicalbiobert,5,50,../results,../results/20220426/230527,67236,50,1e-05
77,16,,../data/dataset.pkl,cuda,unknown,truncate,5,0.0001,clinicalbiobert,5,50,../results,../results/20220426/203216,55102,100,0.0001
78,16,,../data/dataset.pkl,cuda,unknown,truncate,5,0.0002,clinicalbiobert,5,50,../results,../results/20220426/213504,72227,150,1e-05
79,16,,../data/dataset.pkl,cuda,unknown,truncate,5,0.0001,clinicalbiobert,5,50,../results,../results/20220426/204201,17899,25,0.001
80,16,,../data/dataset.pkl,cuda,unknown,truncate,5,0.0005,clinicalbiobert,5,50,../results,../results/20220426/232742,62645,100,0.0001
81,16,,../data/dataset.pkl,cuda,unknown,truncate,5,0.0005,clinicalbiobert,5,30,../results,../results/20220426/232540,50987,100,0.0001
82,16,,../data/dataset.pkl,cuda,unknown,truncate,5,0.0002,clinicalbiobert,5,50,../results,../results/20220426/220435,39612,50,0.001
83,16,,../data/dataset.pkl,cuda,unknown,truncate,5,0.0001,clinicalbiobert,5,40,../results,../results/20220426/204013,26983,25,0.001
84,16,,../data/dataset.pkl,cuda,unknown,truncate,5,0.0001,clinicalbiobert,5,50,../results,../results/20220426/204639,41710,50,0.001
85,16,,../data/dataset.pkl,cuda,unknown,truncate,5,0.0001,clinicalbiobert,5,50,../results,../results/20220426/205126,3762,100,0.001
86,16,,../data/dataset.pkl,cuda,unknown,truncate,5,0.0001,clinicalbiobert,5,50,../results,../results/20220426/201744,58986,150,1e-05
87,16,,../data/dataset.pkl,cuda,unknown,truncate,5,0.0002,clinicalbiobert,5,30,../results,../results/20220426/214723,11332,100,0.0001
88,16,,../data/dataset.pkl,cuda,unknown,truncate,5,0.0001,clinicalbiobert,5,50,../results,../results/20220426/202244,73723,25,0.0001
89,16,,../data/dataset.pkl,cuda,unknown,truncate,5,0.0002,clinicalbiobert,5,30,../results,../results/20220426/215216,44166,150,0.0001
90,16,,../data/dataset.pkl,cuda,unknown,truncate,5,0.0005,clinicalbiobert,5,40,../results,../results/20220426/232553,79884,100,0.0001
91,16,,../data/dataset.pkl,cuda,unknown,truncate,5,0.0002,clinicalbiobert,5,50,../results,../results/20220426/222910,86501,100,0.01
92,16,,../data/dataset.pkl,cuda,unknown,truncate,5,0.0005,clinicalbiobert,5,40,../results,../results/20220426/232120,93672,50,0.0001
93,16,,../data/dataset.pkl,cuda,unknown,truncate,5,0.0001,clinicalbiobert,5,30,../results,../results/20220426/205913,29265,25,0.01
94,16,,../data/dataset.pkl,cuda,unknown,truncate,5,0.0002,clinicalbiobert,5,30,../results,../results/20220426/213243,68727,150,1e-05
95,16,,../data/dataset.pkl,cuda,unknown,truncate,5,0.0005,clinicalbiobert,5,40,../results,../results/20220426/223706,53484,25,1e-05
96,16,,../data/dataset.pkl,cuda,unknown,truncate,5,0.0005,clinicalbiobert,5,50,../results,../results/20220426/234211,34966,50,0.001
97,16,,../data/dataset.pkl,cuda,unknown,truncate,5,0.0002,clinicalbiobert,5,40,../results,../results/20220426/212840,85786,100,1e-05
98,16,,../data/dataset.pkl,cuda,unknown,truncate,5,0.0002,clinicalbiobert,5,40,../results,../results/20220426/213503,62108,150,1e-05
99,16,,../data/dataset.pkl,cuda,unknown,truncate,5,0.0005,clinicalbiobert,5,30,../results,../results/20220426/230530,24836,100,1e-05
100,16,,../data/dataset.pkl,cuda,unknown,truncate,5,0.0005,clinicalbiobert,5,30,../results,../results/20220426/233513,79207,25,0.001
101,16,,../data/dataset.pkl,cuda,unknown,truncate,5,0.0002,clinicalbiobert,5,30,../results,../results/20220426/220215,61862,50,0.001
102,16,,../data/dataset.pkl,cuda,unknown,truncate,5,0.0001,clinicalbiobert,5,30,../results,../results/20220426/203954,72120,25,0.001
103,16,,../data/dataset.pkl,cuda,unknown,truncate,5,0.0002,clinicalbiobert,5,30,../results,../results/20220426/221654,34851,25,0.01
104,16,,../data/dataset.pkl,cuda,unknown,truncate,5,0.0005,clinicalbiobert,5,30,../results,../results/20220426/232107,82020,50,0.0001
105,16,,../data/dataset.pkl,cuda,unknown,truncate,5,0.0002,clinicalbiobert,5,40,../results,../results/20220426/212015,39444,25,1e-05
106,16,,../data/dataset.pkl,cuda,unknown,truncate,5,0.0002,clinicalbiobert,5,40,../results,../results/20220426/220347,47423,50,0.001
107,16,,../data/dataset.pkl,cuda,unknown,truncate,5,0.0001,clinicalbiobert,5,30,../results,../results/20220426/202509,15555,50,0.0001
108,16,,../data/dataset.pkl,cuda,unknown,truncate,5,0.0005,clinicalbiobert,5,30,../results,../results/20220426/233024,77039,150,0.0001
109,16,,../data/dataset.pkl,cuda,unknown,truncate,5,0.0002,clinicalbiobert,5,30,../results,../results/20220426/221205,91702,150,0.001
110,16,,../data/dataset.pkl,cuda,unknown,truncate,5,0.0002,clinicalbiobert,5,50,../results,../results/20220426/221021,35956,100,0.001
111,16,,../data/dataset.pkl,cuda,unknown,truncate,5,0.0001,clinicalbiobert,5,40,../results,../results/20220426/211401,14113,150,0.01
112,16,,../data/dataset.pkl,cuda,unknown,truncate,5,0.0001,clinicalbiobert,5,40,../results,../results/20220426/211006,98226,100,0.01
113,16,,../data/dataset.pkl,cuda,unknown,truncate,5,0.0002,clinicalbiobert,5,30,../results,../results/20220426/212757,93782,100,1e-05
114,16,,../data/dataset.pkl,cuda,unknown,truncate,5,0.0001,clinicalbiobert,5,50,../results,../results/20220426/205655,63825,150,0.001
115,16,,../data/dataset.pkl,cuda,unknown,truncate,5,0.0002,clinicalbiobert,5,30,../results,../results/20220426/213741,78219,25,0.0001
116,16,,../data/dataset.pkl,cuda,unknown,truncate,5,0.0001,clinicalbiobert,5,50,../results,../results/20220426/201205,72471,100,1e-05
117,16,,../data/dataset.pkl,cuda,unknown,truncate,5,0.0002,clinicalbiobert,5,30,../results,../results/20220426/212348,36161,50,1e-05
118,16,,../data/dataset.pkl,cuda,unknown,truncate,5,0.0005,clinicalbiobert,5,30,../results,../results/20220426/235849,59123,50,0.01
119,16,,../data/dataset.pkl,cuda,unknown,truncate,5,0.0001,clinicalbiobert,5,30,../results,../results/20220426/211351,96216,150,0.01
120,16,,../data/dataset.pkl,cuda,unknown,truncate,5,0.0002,clinicalbiobert,5,40,../results,../results/20220426/221248,68217,150,0.001
121,16,,../data/dataset.pkl,cuda,unknown,truncate,5,0.0002,clinicalbiobert,5,40,../results,../results/20220426/215757,53765,25,0.001
122,16,,../data/dataset.pkl,cuda,unknown,truncate,5,0.0002,clinicalbiobert,5,40,../results,../results/20220426/215345,46001,150,0.0001
123,16,,../data/dataset.pkl,cuda,unknown,truncate,5,0.0005,clinicalbiobert,5,40,../results,../results/20220426/233126,9884,150,0.0001
124,16,,../data/dataset.pkl,cuda,unknown,truncate,5,0.0005,clinicalbiobert,5,30,../results,../results/20220426/231623,48644,25,0.0001
125,16,,../data/dataset.pkl,cuda,unknown,truncate,5,0.0001,clinicalbiobert,5,50,../results,../results/20220426/211643,16363,150,0.01
126,16,,../data/dataset.pkl,cuda,unknown,truncate,5,0.0005,clinicalbiobert,5,30,../results,../results/20220426/231133,6845,150,1e-05
127,16,,../data/dataset.pkl,cuda,unknown,truncate,5,0.0002,clinicalbiobert,5,50,../results,../results/20220426/220018,62184,25,0.001
128,16,,../data/dataset.pkl,cuda,unknown,truncate,5,0.0005,clinicalbiobert,5,50,../results,../results/20220426/233214,46226,150,0.0001
129,16,,../data/dataset.pkl,cuda,unknown,truncate,5,0.0001,clinicalbiobert,5,30,../results,../results/20220426/202007,20551,25,0.0001
130,16,,../data/dataset.pkl,cuda,unknown,truncate,5,0.0005,clinicalbiobert,5,40,../results,../results/20220426/235859,50800,50,0.01
131,16,,../data/dataset.pkl,cuda,unknown,truncate,5,0.0001,clinicalbiobert,5,50,../results,../results/20220426/200329,64626,25,1e-05
132,16,,../data/dataset.pkl,cuda,unknown,truncate,5,0.0001,clinicalbiobert,5,50,../results,../results/20220426/202646,54300,50,0.0001
133,16,,../data/dataset.pkl,cuda,unknown,truncate,5,0.0005,clinicalbiobert,5,30,../results,../results/20220426/235410,33669,25,0.01
134,16,,../data/dataset.pkl,cuda,unknown,truncate,5,5e-05,clinicalbiobert,5,50,../results,../results/20220427/032541,99926,150,1e-05
135,16,,../data/dataset.pkl,cuda,unknown,truncate,5,5e-05,clinicalbiobert,5,50,../results,../results/20220427/031122,48466,25,1e-05
136,16,,../data/dataset.pkl,cuda,unknown,truncate,5,5e-05,clinicalbiobert,5,40,../results,../results/20220427/040643,60625,25,0.01
137,16,,../data/dataset.pkl,cuda,unknown,truncate,5,5e-05,clinicalbiobert,5,30,../results,../results/20220427/030735,37452,25,1e-05
138,16,,../data/dataset.pkl,cuda,unknown,truncate,5,1e-06,clinicalbiobert,5,30,../results,../results/20220427/052651,83439,50,0.01
139,16,,../data/dataset.pkl,cuda,unknown,truncate,5,1e-05,clinicalbiobert,5,50,../results,../results/20220427/011908,16437,50,0.01
140,16,,../data/dataset.pkl,cuda,unknown,truncate,5,1e-05,clinicalbiobert,5,40,../results,../results/20220427/005748,90337,50,0.001
141,16,,../data/dataset.pkl,cuda,unknown,truncate,5,5e-05,clinicalbiobert,5,30,../results,../results/20220427/031732,46750,100,1e-05
142,16,,../data/dataset.pkl,cuda,unknown,truncate,5,2e-05,clinicalbiobert,5,40,../results,../results/20220427/015432,17776,50,1e-05
143,16,,../data/dataset.pkl,cuda,unknown,truncate,5,1e-06,clinicalbiobert,5,40,../results,../results/20220427/044135,86210,150,1e-05
144,16,,../data/dataset.pkl,cuda,unknown,truncate,5,2e-05,clinicalbiobert,5,30,../results,../results/20220427/025247,15820,50,0.01
145,16,,../data/dataset.pkl,cuda,unknown,truncate,5,1e-06,clinicalbiobert,5,40,../results,../results/20220427/053406,50309,100,0.01
146,16,,../data/dataset.pkl,cuda,unknown,truncate,5,2e-05,clinicalbiobert,5,30,../results,../results/20220427/022807,32359,25,0.001
147,16,,../data/dataset.pkl,cuda,unknown,truncate,5,2e-05,clinicalbiobert,5,50,../results,../results/20220427/025924,38764,100,0.01
148,16,,../data/dataset.pkl,cuda,unknown,truncate,5,1e-05,clinicalbiobert,5,40,../results,../results/20220427/011229,25365,25,0.01
149,16,,../data/dataset.pkl,cuda,unknown,truncate,5,5e-05,clinicalbiobert,5,30,../results,../results/20220427/034702,13989,25,0.001
150,16,,../data/dataset.pkl,cuda,unknown,truncate,5,1e-05,clinicalbiobert,5,40,../results,../results/20220427/014631,1996,100,0.01
151,16,,../data/dataset.pkl,cuda,unknown,truncate,5,1e-06,clinicalbiobert,5,30,../results,../results/20220427/043508,18729,100,1e-05
152,16,,../data/dataset.pkl,cuda,unknown,truncate,5,1e-05,clinicalbiobert,5,40,../results,../results/20220427/005207,44613,25,0.001
153,16,,../data/dataset.pkl,cuda,unknown,truncate,5,1e-06,clinicalbiobert,5,50,../results,../results/20220427/052951,15587,50,0.01
154,16,,../data/dataset.pkl,cuda,unknown,truncate,5,1e-06,clinicalbiobert,5,50,../results,../results/20220427/053458,30098,100,0.01
155,16,,../data/dataset.pkl,cuda,unknown,truncate,5,5e-05,clinicalbiobert,5,40,../results,../results/20220427/034733,73568,25,0.001
156,16,,../data/dataset.pkl,cuda,unknown,truncate,5,1e-05,clinicalbiobert,5,40,../results,../results/20220427/010634,24148,150,0.001
157,16,,../data/dataset.pkl,cuda,unknown,truncate,5,1e-05,clinicalbiobert,5,30,../results,../results/20220427/003656,75192,50,0.0001
158,16,,../data/dataset.pkl,cuda,unknown,truncate,5,2e-05,clinicalbiobert,5,30,../results,../results/20220427/014802,18289,25,1e-05
159,16,,../data/dataset.pkl,cuda,unknown,truncate,5,5e-05,clinicalbiobert,5,40,../results,../results/20220427/034239,36919,150,0.0001
160,16,,../data/dataset.pkl,cuda,unknown,truncate,5,1e-05,clinicalbiobert,5,50,../results,../results/20220427/014630,31115,150,0.01
161,16,,../data/dataset.pkl,cuda,unknown,truncate,5,2e-05,clinicalbiobert,5,40,../results,../results/20220427/030436,66409,150,0.01
162,16,,../data/dataset.pkl,cuda,unknown,truncate,5,5e-05,clinicalbiobert,5,30,../results,../results/20220427/041148,46892,50,0.01
163,16,,../data/dataset.pkl,cuda,unknown,truncate,5,2e-05,clinicalbiobert,5,40,../results,../results/20220427/021917,33914,100,0.0001
164,16,,../data/dataset.pkl,cuda,unknown,truncate,5,5e-05,clinicalbiobert,5,30,../results,../results/20220427/033710,84252,100,0.0001
165,16,,../data/dataset.pkl,cuda,unknown,truncate,5,5e-05,clinicalbiobert,5,50,../results,../results/20220427/035833,56972,100,0.001
166,16,,../data/dataset.pkl,cuda,unknown,truncate,5,2e-05,clinicalbiobert,5,40,../results,../results/20220427/014936,44357,25,1e-05
167,16,,../data/dataset.pkl,cuda,unknown,truncate,5,1e-05,clinicalbiobert,5,50,../results,../results/20220427/001436,7582,25,1e-05
168,16,,../data/dataset.pkl,cuda,unknown,truncate,5,5e-05,clinicalbiobert,5,40,../results,../results/20220427/033715,74077,100,0.0001
169,16,,../data/dataset.pkl,cuda,unknown,truncate,5,1e-05,clinicalbiobert,5,30,../results,../results/20220427/002239,33385,100,1e-05
170,16,,../data/dataset.pkl,cuda,unknown,truncate,5,1e-06,clinicalbiobert,5,30,../results,../results/20220427/044914,33861,50,0.0001
171,16,,../data/dataset.pkl,cuda,unknown,truncate,5,2e-05,clinicalbiobert,5,50,../results,../results/20220427/020707,35610,150,1e-05
172,16,,../data/dataset.pkl,cuda,unknown,truncate,5,2e-05,clinicalbiobert,5,40,../results,../results/20220427/024404,72925,150,0.001
173,16,,../data/dataset.pkl,cuda,unknown,truncate,5,2e-05,clinicalbiobert,5,40,../results,../results/20220427/020047,58678,100,1e-05
174,16,,../data/dataset.pkl,cuda,unknown,truncate,5,2e-05,clinicalbiobert,5,40,../results,../results/20220427/024924,54819,25,0.01
175,16,,../data/dataset.pkl,cuda,unknown,truncate,5,1e-05,clinicalbiobert,5,50,../results,../results/20220427/004052,55402,50,0.0001
176,16,,../data/dataset.pkl,cuda,unknown,truncate,5,0.0005,clinicalbiobert,5,30,../results,../results/20220427/000328,13603,100,0.01
177,16,,../data/dataset.pkl,cuda,unknown,truncate,5,1e-06,clinicalbiobert,5,30,../results,../results/20220427/051240,95282,100,0.001
178,16,,../data/dataset.pkl,cuda,unknown,truncate,5,1e-06,clinicalbiobert,5,50,../results,../results/20220427/051123,4846,50,0.001
179,16,,../data/dataset.pkl,cuda,unknown,truncate,5,2e-05,clinicalbiobert,5,40,../results,../results/20220427/023809,92114,100,0.001
180,16,,../data/dataset.pkl,cuda,unknown,truncate,5,1e-06,clinicalbiobert,5,50,../results,../results/20220427/044208,36756,150,1e-05
181,16,,../data/dataset.pkl,cuda,unknown,truncate,5,2e-05,clinicalbiobert,5,50,../results,../results/20220427/022131,30397,100,0.0001
182,16,,../data/dataset.pkl,cuda,unknown,truncate,5,1e-06,clinicalbiobert,5,40,../results,../results/20220427/045953,55940,150,0.0001
183,16,,../data/dataset.pkl,cuda,unknown,truncate,5,1e-06,clinicalbiobert,5,40,../results,../results/20220427/045013,22299,50,0.0001
184,16,,../data/dataset.pkl,cuda,unknown,truncate,5,5e-05,clinicalbiobert,5,50,../results,../results/20220427/041302,97903,50,0.01
185,16,,../data/dataset.pkl,cuda,unknown,truncate,5,1e-05,clinicalbiobert,5,30,../results,../results/20220427/001746,98535,50,1e-05
186,16,,../data/dataset.pkl,cuda,unknown,truncate,5,1e-05,clinicalbiobert,5,40,../results,../results/20220427/002240,61819,100,1e-05
187,16,,../data/dataset.pkl,cuda,unknown,truncate,5,1e-06,clinicalbiobert,5,50,../results,../results/20220427/045201,7627,50,0.0001
188,16,,../data/dataset.pkl,cuda,unknown,truncate,5,1e-05,clinicalbiobert,5,30,../results,../results/20220427/004654,58888,150,0.0001
189,16,,../data/dataset.pkl,cuda,unknown,truncate,5,1e-06,clinicalbiobert,5,50,../results,../results/20220427/050613,59255,25,0.001
190,16,,../data/dataset.pkl,cuda,unknown,truncate,5,1e-05,clinicalbiobert,5,50,../results,../results/20220427/002911,89463,150,1e-05
191,16,,../data/dataset.pkl,cuda,unknown,truncate,5,2e-05,clinicalbiobert,5,30,../results,../results/20220427/020311,37857,150,1e-05
192,16,,../data/dataset.pkl,cuda,unknown,truncate,5,5e-05,clinicalbiobert,5,30,../results,../results/20220427/041619,22393,100,0.01
193,16,,../data/dataset.pkl,cuda,unknown,truncate,5,1e-05,clinicalbiobert,5,30,../results,../results/20220427/003244,62233,25,0.0001
194,16,,../data/dataset.pkl,cuda,unknown,truncate,5,1e-06,clinicalbiobert,5,30,../results,../results/20220427/053143,44851,100,0.01
195,16,,../data/dataset.pkl,cuda,unknown,truncate,5,1e-06,clinicalbiobert,5,40,../results,../results/20220427/043122,10271,50,1e-05
196,16,,../data/dataset.pkl,cuda,unknown,truncate,5,1e-06,clinicalbiobert,5,40,../results,../results/20220427/051417,67095,100,0.001
197,16,,../data/dataset.pkl,cuda,unknown,truncate,5,1e-06,clinicalbiobert,5,40,../results,../results/20220427/044540,86124,25,0.0001
198,16,,../data/dataset.pkl,cuda,unknown,truncate,5,2e-05,clinicalbiobert,5,40,../results,../results/20220427/021510,18860,50,0.0001
199,16,,../data/dataset.pkl,cuda,unknown,truncate,5,1e-05,clinicalbiobert,5,50,../results,../results/20220427/004930,5720,150,0.0001
200,16,,../data/dataset.pkl,cuda,unknown,truncate,5,5e-05,clinicalbiobert,5,50,../results,../results/20220427/031434,59859,50,1e-05
201,16,,../data/dataset.pkl,cuda,unknown,truncate,5,1e-06,clinicalbiobert,5,30,../results,../results/20220427/052206,99463,25,0.01
202,16,,../data/dataset.pkl,cuda,unknown,truncate,5,1e-06,clinicalbiobert,5,50,../results,../results/20220427/045645,1928,100,0.0001
203,16,,../data/dataset.pkl,cuda,unknown,truncate,5,2e-05,clinicalbiobert,5,50,../results,../results/20220427/024108,76419,100,0.001
204,16,,../data/dataset.pkl,cuda,unknown,truncate,5,0.0005,clinicalbiobert,5,40,../results,../results/20220427/000437,69737,100,0.01
205,16,,../data/dataset.pkl,cuda,unknown,truncate,5,1e-05,clinicalbiobert,5,40,../results,../results/20220427/003742,79565,50,0.0001
206,16,,../data/dataset.pkl,cuda,unknown,truncate,5,1e-05,clinicalbiobert,5,40,../results,../results/20220427/001910,88505,50,1e-05
207,16,,../data/dataset.pkl,cuda,unknown,truncate,5,2e-05,clinicalbiobert,5,50,../results,../results/20220427/023001,10605,25,0.001
208,16,,../data/dataset.pkl,cuda,unknown,truncate,5,0.0005,clinicalbiobert,5,50,../results,../results/20220427/000020,90411,50,0.01
209,16,,../data/dataset.pkl,cuda,unknown,truncate,5,1e-06,clinicalbiobert,5,30,../results,../results/20220427/045402,28436,100,0.0001
210,16,,../data/dataset.pkl,cuda,unknown,truncate,5,1e-05,clinicalbiobert,5,30,../results,../results/20220427/010141,38396,100,0.001
211,16,,../data/dataset.pkl,cuda,unknown,truncate,5,5e-05,clinicalbiobert,5,50,../results,../results/20220427/040409,39923,150,0.001
212,16,,../data/dataset.pkl,cuda,unknown,truncate,5,2e-05,clinicalbiobert,5,40,../results,../results/20220427/020847,12168,25,0.0001
213,16,,../data/dataset.pkl,cuda,unknown,truncate,5,5e-05,clinicalbiobert,5,40,../results,../results/20220427/032242,93305,150,1e-05
214,16,,../data/dataset.pkl,cuda,unknown,truncate,5,5e-05,clinicalbiobert,5,30,../results,../results/20220427/032724,99627,25,0.0001
215,16,,../data/dataset.pkl,cuda,unknown,truncate,5,2e-05,clinicalbiobert,5,50,../results,../results/20220427/025612,37419,50,0.01
216,16,,../data/dataset.pkl,cuda,unknown,truncate,5,1e-06,clinicalbiobert,5,30,../results,../results/20220427/043024,53344,50,1e-05
217,16,,../data/dataset.pkl,cuda,unknown,truncate,5,5e-05,clinicalbiobert,5,40,../results,../results/20220427/031251,87572,50,1e-05
218,16,,../data/dataset.pkl,cuda,unknown,truncate,5,2e-05,clinicalbiobert,5,30,../results,../results/20220427/022311,45816,150,0.0001
219,16,,../data/dataset.pkl,cuda,unknown,truncate,5,0.0005,clinicalbiobert,5,50,../results,../results/20220427/000516,48071,100,0.01
220,16,,../data/dataset.pkl,cuda,unknown,truncate,5,1e-05,clinicalbiobert,5,40,../results,../results/20220427/011901,75383,50,0.01
221,16,,../data/dataset.pkl,cuda,unknown,truncate,5,5e-05,clinicalbiobert,5,50,../results,../results/20220427/034352,53615,150,0.0001
222,16,,../data/dataset.pkl,cuda,unknown,truncate,5,5e-05,clinicalbiobert,5,30,../results,../results/20220427/032226,80230,150,1e-05
223,16,,../data/dataset.pkl,cuda,unknown,truncate,5,2e-05,clinicalbiobert,5,50,../results,../results/20220427/020051,57075,100,1e-05
224,16,,../data/dataset.pkl,cuda,unknown,truncate,5,1e-06,clinicalbiobert,5,40,../results,../results/20220427/052832,15348,50,0.01
225,16,,../data/dataset.pkl,cuda,unknown,truncate,5,1e-05,clinicalbiobert,5,40,../results,../results/20220427/002755,47706,150,1e-05
226,16,,../data/dataset.pkl,cuda,unknown,truncate,5,2e-05,clinicalbiobert,5,40,../results,../results/20220427/020431,235,150,1e-05
227,16,,../data/dataset.pkl,cuda,unknown,truncate,5,1e-06,clinicalbiobert,5,30,../results,../results/20220427/043949,31983,150,1e-05
228,16,,../data/dataset.pkl,cuda,unknown,truncate,5,1e-05,clinicalbiobert,5,40,../results,../results/20220427/004907,1170,150,0.0001
229,16,,../data/dataset.pkl,cuda,unknown,truncate,5,5e-05,clinicalbiobert,5,30,../results,../results/20220427/040147,92749,150,0.001
230,16,,../data/dataset.pkl,cuda,unknown,truncate,5,1e-05,clinicalbiobert,5,50,../results,../results/20220427/005553,19012,25,0.001
231,16,,../data/dataset.pkl,cuda,unknown,truncate,5,5e-05,clinicalbiobert,5,50,../results,../results/20220427/035354,59003,50,0.001
232,16,,../data/dataset.pkl,cuda,unknown,truncate,5,1e-05,clinicalbiobert,5,30,../results,../results/20220427/005643,30334,50,0.001
233,16,,../data/dataset.pkl,cuda,unknown,truncate,5,2e-05,clinicalbiobert,5,40,../results,../results/20220427/022927,8864,25,0.001
234,16,,../data/dataset.pkl,cuda,unknown,truncate,5,1e-06,clinicalbiobert,5,50,../results,../results/20220427/052558,50942,25,0.01
235,16,,../data/dataset.pkl,cuda,unknown,truncate,5,1e-05,clinicalbiobert,5,30,../results,../results/20220427/012108,55399,100,0.01
236,16,,../data/dataset.pkl,cuda,unknown,truncate,5,2e-05,clinicalbiobert,5,30,../results,../results/20220427/021310,86143,50,0.0001
237,16,,../data/dataset.pkl,cuda,unknown,truncate,5,1e-06,clinicalbiobert,5,50,../results,../results/20220427/044748,39811,25,0.0001
238,16,,../data/dataset.pkl,cuda,unknown,truncate,5,2e-05,clinicalbiobert,5,30,../results,../results/20220427/015313,70579,50,1e-05
239,16,,../data/dataset.pkl,cuda,unknown,truncate,5,1e-06,clinicalbiobert,5,40,../results,../results/20220427/051923,80337,150,0.001
240,16,,../data/dataset.pkl,cuda,unknown,truncate,5,2e-05,clinicalbiobert,5,30,../results,../results/20220427/021810,64672,100,0.0001
241,16,,../data/dataset.pkl,cuda,unknown,truncate,5,0.0005,clinicalbiobert,5,30,../results,../results/20220427/000809,50133,150,0.01
242,16,,../data/dataset.pkl,cuda,unknown,truncate,5,1e-06,clinicalbiobert,5,30,../results,../results/20220427/042546,20845,25,1e-05
243,16,,../data/dataset.pkl,cuda,unknown,truncate,5,5e-05,clinicalbiobert,5,40,../results,../results/20220427/032750,12204,25,0.0001
244,16,,../data/dataset.pkl,cuda,unknown,truncate,5,1e-05,clinicalbiobert,5,30,../results,../results/20220427/014117,13885,100,0.01
245,16,,../data/dataset.pkl,cuda,unknown,truncate,5,2e-05,clinicalbiobert,5,30,../results,../results/20220427/020813,47735,25,0.0001
246,16,,../data/dataset.pkl,cuda,unknown,truncate,5,2e-05,clinicalbiobert,5,30,../results,../results/20220427/025756,27508,100,0.01
247,16,,../data/dataset.pkl,cuda,unknown,truncate,5,5e-05,clinicalbiobert,5,40,../results,../results/20220427/031921,12750,100,1e-05
248,16,,../data/dataset.pkl,cuda,unknown,truncate,5,5e-05,clinicalbiobert,5,50,../results,../results/20220427/032910,86569,25,0.0001
249,16,,../data/dataset.pkl,cuda,unknown,truncate,5,5e-05,clinicalbiobert,5,30,../results,../results/20220427/035656,44794,100,0.001
250,16,,../data/dataset.pkl,cuda,unknown,truncate,5,1e-06,clinicalbiobert,5,50,../results,../results/20220427/043400,50675,50,1e-05
251,16,,../data/dataset.pkl,cuda,unknown,truncate,5,1e-06,clinicalbiobert,5,50,../results,../results/20220427/054037,11401,150,0.01
252,16,,../data/dataset.pkl,cuda,unknown,truncate,5,1e-06,clinicalbiobert,5,40,../results,../results/20220427/052336,27123,25,0.01
253,16,,../data/dataset.pkl,cuda,unknown,truncate,5,1e-05,clinicalbiobert,5,50,../results,../results/20220427/005837,39014,50,0.001
254,16,,../data/dataset.pkl,cuda,unknown,truncate,5,1e-05,clinicalbiobert,5,40,../results,../results/20220427/014129,73453,150,0.01
255,16,,../data/dataset.pkl,cuda,unknown,truncate,5,0.0005,clinicalbiobert,5,40,../results,../results/20220427/000817,96669,150,0.01
256,16,,../data/dataset.pkl,cuda,unknown,truncate,5,5e-05,clinicalbiobert,5,40,../results,../results/20220427/030804,5416,25,1e-05
257,16,,../data/dataset.pkl,cuda,unknown,truncate,5,2e-05,clinicalbiobert,5,40,../results,../results/20220427/022322,10174,150,0.0001
258,16,,../data/dataset.pkl,cuda,unknown,truncate,5,5e-05,clinicalbiobert,5,40,../results,../results/20220427/042110,35032,150,0.01
259,16,,../data/dataset.pkl,cuda,unknown,truncate,5,2e-05,clinicalbiobert,5,50,../results,../results/20220427/015248,15038,25,1e-05
260,16,,../data/dataset.pkl,cuda,unknown,truncate,5,1e-06,clinicalbiobert,5,40,../results,../results/20220427/050939,32566,50,0.001
261,16,,../data/dataset.pkl,cuda,unknown,truncate,5,5e-05,clinicalbiobert,5,40,../results,../results/20220427/041647,94000,100,0.01
262,16,,../data/dataset.pkl,cuda,unknown,truncate,5,5e-05,clinicalbiobert,5,50,../results,../results/20220427/041909,37916,100,0.01
263,16,,../data/dataset.pkl,cuda,unknown,truncate,5,1e-06,clinicalbiobert,5,50,../results,../results/20220427/052034,36741,150,0.001
264,16,,../data/dataset.pkl,cuda,unknown,truncate,5,1e-05,clinicalbiobert,5,50,../results,../results/20220427/011305,88842,25,0.01
265,16,,../data/dataset.pkl,cuda,unknown,truncate,5,1e-05,clinicalbiobert,5,30,../results,../results/20220427/005147,99350,25,0.001
266,16,,../data/dataset.pkl,cuda,unknown,truncate,5,2e-05,clinicalbiobert,5,30,../results,../results/20220427/024753,16723,25,0.01
267,16,,../data/dataset.pkl,cuda,unknown,truncate,5,1e-05,clinicalbiobert,5,30,../results,../results/20220427/004154,17206,100,0.0001
268,16,,../data/dataset.pkl,cuda,unknown,truncate,5,1e-06,clinicalbiobert,5,50,../results,../results/20220427/051557,43282,100,0.001
269,16,,../data/dataset.pkl,cuda,unknown,truncate,5,1e-05,clinicalbiobert,5,30,../results,../results/20220427/014127,57527,150,0.01
270,16,,../data/dataset.pkl,cuda,unknown,truncate,5,1e-06,clinicalbiobert,5,40,../results,../results/20220427/043525,69220,100,1e-05
271,16,,../data/dataset.pkl,cuda,unknown,truncate,5,5e-05,clinicalbiobert,5,30,../results,../results/20220427/031232,60551,50,1e-05
272,16,,../data/dataset.pkl,cuda,unknown,truncate,5,2e-05,clinicalbiobert,5,50,../results,../results/20220427/023606,78496,50,0.001
273,16,,../data/dataset.pkl,cuda,unknown,truncate,5,5e-05,clinicalbiobert,5,30,../results,../results/20220427/035200,41118,50,0.001
274,16,,../data/dataset.pkl,cuda,unknown,truncate,5,2e-05,clinicalbiobert,5,30,../results,../results/20220427/024255,614,150,0.001
275,16,,../data/dataset.pkl,cuda,unknown,truncate,5,2e-05,clinicalbiobert,5,30,../results,../results/20220427/015810,85906,100,1e-05
276,16,,../data/dataset.pkl,cuda,unknown,truncate,5,2e-05,clinicalbiobert,5,50,../results,../results/20220427/021110,57554,25,0.0001
277,16,,../data/dataset.pkl,cuda,unknown,truncate,5,2e-05,clinicalbiobert,5,50,../results,../results/20220427/030449,67286,150,0.01
278,16,,../data/dataset.pkl,cuda,unknown,truncate,5,1e-06,clinicalbiobert,5,40,../results,../results/20220427/050452,59335,25,0.001
279,16,,../data/dataset.pkl,cuda,unknown,truncate,5,1e-05,clinicalbiobert,5,30,../results,../results/20220427/011624,50092,50,0.01
280,16,,../data/dataset.pkl,cuda,unknown,truncate,5,1e-06,clinicalbiobert,5,40,../results,../results/20220427/042729,51036,25,1e-05
281,16,,../data/dataset.pkl,cuda,unknown,truncate,5,1e-05,clinicalbiobert,5,40,../results,../results/20220427/001305,16934,25,1e-05
282,16,,../data/dataset.pkl,cuda,unknown,truncate,5,1e-06,clinicalbiobert,5,40,../results,../results/20220427/053729,30340,150,0.01
283,16,,../data/dataset.pkl,cuda,unknown,truncate,5,2e-05,clinicalbiobert,5,30,../results,../results/20220427/030300,61789,150,0.01
284,16,,../data/dataset.pkl,cuda,unknown,truncate,5,1e-06,clinicalbiobert,5,30,../results,../results/20220427/044434,99128,25,0.0001
285,16,,../data/dataset.pkl,cuda,unknown,truncate,5,5e-05,clinicalbiobert,5,40,../results,../results/20220427/040159,81972,150,0.001
286,16,,../data/dataset.pkl,cuda,unknown,truncate,5,1e-05,clinicalbiobert,5,50,../results,../results/20220427/004411,11288,100,0.0001
287,16,,../data/dataset.pkl,cuda,unknown,truncate,5,5e-05,clinicalbiobert,5,40,../results,../results/20220427/035736,87994,100,0.001
288,16,,../data/dataset.pkl,cuda,unknown,truncate,5,1e-05,clinicalbiobert,5,30,../results,../results/20220427/011125,57466,25,0.01
289,16,,../data/dataset.pkl,cuda,unknown,truncate,5,1e-05,clinicalbiobert,5,50,../results,../results/20220427/002552,46641,100,1e-05
290,16,,../data/dataset.pkl,cuda,unknown,truncate,5,2e-05,clinicalbiobert,5,50,../results,../results/20220427/021518,97247,50,0.0001
291,16,,../data/dataset.pkl,cuda,unknown,truncate,5,1e-06,clinicalbiobert,5,30,../results,../results/20220427/045839,26829,150,0.0001
292,16,,../data/dataset.pkl,cuda,unknown,truncate,5,1e-06,clinicalbiobert,5,50,../results,../results/20220427/050152,4461,150,0.0001
293,16,,../data/dataset.pkl,cuda,unknown,truncate,5,2e-05,clinicalbiobert,5,50,../results,../results/20220427/022602,46254,150,0.0001
294,16,,../data/dataset.pkl,cuda,unknown,truncate,5,5e-05,clinicalbiobert,5,50,../results,../results/20220427/031931,40041,100,1e-05
295,16,,../data/dataset.pkl,cuda,unknown,truncate,5,5e-05,clinicalbiobert,5,30,../results,../results/20220427/042050,35574,150,0.01
296,16,,../data/dataset.pkl,cuda,unknown,truncate,5,1e-06,clinicalbiobert,5,30,../results,../results/20220427/053625,40279,150,0.01
297,16,,../data/dataset.pkl,cuda,unknown,truncate,5,1e-05,clinicalbiobert,5,50,../results,../results/20220427/014119,17376,100,0.01
298,16,,../data/dataset.pkl,cuda,unknown,truncate,5,5e-05,clinicalbiobert,5,40,../results,../results/20220427/041225,85095,50,0.01
299,16,,../data/dataset.pkl,cuda,unknown,truncate,5,1e-05,clinicalbiobert,5,40,../results,../results/20220427/010412,48390,100,0.001
300,16,,../data/dataset.pkl,cuda,unknown,truncate,5,5e-05,clinicalbiobert,5,40,../results,../results/20220427/033327,63369,50,0.0001
301,16,,../data/dataset.pkl,cuda,unknown,truncate,5,1e-06,clinicalbiobert,5,30,../results,../results/20220427/050316,67690,25,0.001
302,16,,../data/dataset.pkl,cuda,unknown,truncate,5,1e-05,clinicalbiobert,5,30,../results,../results/20220427/001257,43891,25,1e-05
303,16,,../data/dataset.pkl,cuda,unknown,truncate,5,2e-05,clinicalbiobert,5,40,../results,../results/20220427/025812,43376,100,0.01
304,16,,../data/dataset.pkl,cuda,unknown,truncate,5,1e-05,clinicalbiobert,5,40,../results,../results/20220427/004246,76385,100,0.0001
305,16,,../data/dataset.pkl,cuda,unknown,truncate,5,5e-05,clinicalbiobert,5,50,../results,../results/20220427/033944,75245,100,0.0001
306,16,,../data/dataset.pkl,cuda,unknown,truncate,5,1e-06,clinicalbiobert,5,30,../results,../results/20220427/051723,77385,150,0.001
307,16,,../data/dataset.pkl,cuda,unknown,truncate,5,1e-06,clinicalbiobert,5,30,../results,../results/20220427/050753,86951,50,0.001
308,16,,../data/dataset.pkl,cuda,unknown,truncate,5,1e-05,clinicalbiobert,5,50,../results,../results/20220427/003433,5911,25,0.0001
309,16,,../data/dataset.pkl,cuda,unknown,truncate,5,5e-05,clinicalbiobert,5,50,../results,../results/20220427/033433,64378,50,0.0001
310,16,,../data/dataset.pkl,cuda,unknown,truncate,5,1e-05,clinicalbiobert,5,50,../results,../results/20220427/001950,96685,50,1e-05
311,16,,../data/dataset.pkl,cuda,unknown,truncate,5,5e-05,clinicalbiobert,5,30,../results,../results/20220427/033221,16212,50,0.0001
312,16,,../data/dataset.pkl,cuda,unknown,truncate,5,0.0005,clinicalbiobert,5,50,../results,../results/20220427/001109,94029,150,0.01
313,16,,../data/dataset.pkl,cuda,unknown,truncate,5,5e-05,clinicalbiobert,5,50,../results,../results/20220427/034924,98627,25,0.001
314,16,,../data/dataset.pkl,cuda,unknown,truncate,5,1e-06,clinicalbiobert,5,50,../results,../results/20220427/042745,62628,25,1e-05
315,16,,../data/dataset.pkl,cuda,unknown,truncate,5,1e-05,clinicalbiobert,5,40,../results,../results/20220427/003412,88243,25,0.0001
316,16,,../data/dataset.pkl,cuda,unknown,truncate,5,5e-05,clinicalbiobert,5,30,../results,../results/20220427/034206,67369,150,0.0001
317,16,,../data/dataset.pkl,cuda,unknown,truncate,5,2e-05,clinicalbiobert,5,50,../results,../results/20220427/024446,68022,150,0.001
318,16,,../data/dataset.pkl,cuda,unknown,truncate,5,2e-05,clinicalbiobert,5,30,../results,../results/20220427/023302,31602,50,0.001
319,16,,../data/dataset.pkl,cuda,unknown,truncate,5,2e-05,clinicalbiobert,5,50,../results,../results/20220427/015620,13695,50,1e-05
320,16,,../data/dataset.pkl,cuda,unknown,truncate,5,2e-05,clinicalbiobert,5,40,../results,../results/20220427/023421,15461,50,0.001
321,16,,../data/dataset.pkl,cuda,unknown,truncate,5,5e-05,clinicalbiobert,5,50,../results,../results/20220427/040823,2028,25,0.01
322,16,,../data/dataset.pkl,cuda,unknown,truncate,5,5e-05,clinicalbiobert,5,50,../results,../results/20220427/042316,63701,150,0.01
323,16,,../data/dataset.pkl,cuda,unknown,truncate,5,1e-05,clinicalbiobert,5,50,../results,../results/20220427/011051,50611,150,0.001
324,16,,../data/dataset.pkl,cuda,unknown,truncate,5,1e-05,clinicalbiobert,5,50,../results,../results/20220427/010421,17959,100,0.001
325,16,,../data/dataset.pkl,cuda,unknown,truncate,5,2e-05,clinicalbiobert,5,30,../results,../results/20220427/023759,9249,100,0.001
326,16,,../data/dataset.pkl,cuda,unknown,truncate,5,2e-05,clinicalbiobert,5,40,../results,../results/20220427/025256,52998,50,0.01
327,16,,../data/dataset.pkl,cuda,unknown,truncate,5,1e-06,clinicalbiobert,5,50,../results,../results/20220427/043746,98131,100,1e-05
328,16,,../data/dataset.pkl,cuda,unknown,truncate,5,1e-06,clinicalbiobert,5,40,../results,../results/20220427/045531,11415,100,0.0001
329,16,,../data/dataset.pkl,cuda,unknown,truncate,5,2e-05,clinicalbiobert,5,50,../results,../results/20220427/025022,94864,25,0.01
330,16,,../data/dataset.pkl,cuda,unknown,truncate,5,1e-05,clinicalbiobert,5,30,../results,../results/20220427/002745,10381,150,1e-05
