,batch_size,clip_grad_norm,data_path,device,exclude_classes,logging_steps,max_lr,model,num_classes,num_epochs,output_dir,reduction,save_path,seed,warmup_steps,weight_decay,f1_score
0,4,1.0,../data/dataset.pkl,cuda,unknown,5,0.0001,clinicalslidingwindow,5,50,../results,mean,../results/20220427/153530,27909,150,1e-05,0.28471896955503506
1,4,1.0,../data/dataset.pkl,cuda,unknown,5,0.0001,clinicalslidingwindow,5,40,../results,mean,../results/20220427/163901,64034,150,0.0001,0.3378382978723405
2,4,1.0,../data/dataset.pkl,cuda,unknown,5,0.0002,clinicalslidingwindow,5,30,../results,mean,../results/20220427/213922,71768,100,0.001,0.35889724310776944
3,4,1.0,../data/dataset.pkl,cuda,unknown,5,0.0001,clinicalslidingwindow,5,50,../results,mean,../results/20220427/170005,59925,25,0.001,0.4431111111111111
4,4,1.0,../data/dataset.pkl,cuda,unknown,5,0.0002,clinicalslidingwindow,5,50,../results,mean,../results/20220427/225041,89987,100,0.01,0.2633283358320839
5,4,1.0,../data/dataset.pkl,cuda,unknown,5,0.0001,clinicalslidingwindow,5,50,../results,mean,../results/20220427/161224,19213,50,0.0001,0.6145507201441525
6,4,1.0,../data/dataset.pkl,cuda,unknown,5,0.0001,clinicalslidingwindow,5,40,../results,mean,../results/20220427/153105,74554,150,1e-05,0.3043650793650794
7,4,1.0,../data/dataset.pkl,cuda,unknown,5,0.0002,clinicalslidingwindow,5,40,../results,mean,../results/20220427/190106,87372,25,1e-05,0.22346978557504876
8,4,1.0,../data/dataset.pkl,cuda,unknown,5,0.0002,clinicalslidingwindow,5,40,../results,mean,../results/20220427/221650,17643,25,0.01,0.27532467532467536
9,4,1.0,../data/dataset.pkl,cuda,unknown,5,0.0001,clinicalslidingwindow,5,50,../results,mean,../results/20220427/174754,72862,150,0.001,0.3772182254196642
10,4,1.0,../data/dataset.pkl,cuda,unknown,5,0.0001,clinicalslidingwindow,5,40,../results,mean,../results/20220427/150357,56157,50,1e-05,0.6358433791234464
11,4,1.0,../data/dataset.pkl,cuda,unknown,5,0.0001,clinicalslidingwindow,5,40,../results,mean,../results/20220427/170819,10878,50,0.001,0.3521698113207547
12,4,1.0,../data/dataset.pkl,cuda,unknown,5,0.0002,clinicalslidingwindow,5,30,../results,mean,../results/20220427/193126,9787,100,1e-05,0.2835232212308396
13,4,1.0,../data/dataset.pkl,cuda,unknown,5,0.0001,clinicalslidingwindow,5,50,../results,mean,../results/20220427/155233,90371,25,0.0001,0.40113461949447266
14,4,1.0,../data/dataset.pkl,cuda,unknown,5,0.0001,clinicalslidingwindow,5,30,../results,mean,../results/20220427/184314,53537,150,0.01,0.5914258373205741
15,4,1.0,../data/dataset.pkl,cuda,unknown,5,0.0002,clinicalslidingwindow,5,40,../results,mean,../results/20220427/200853,23812,25,0.0001,0.1763041556145004
16,4,1.0,../data/dataset.pkl,cuda,unknown,5,0.0005,clinicalslidingwindow,5,40,../results,mean,../results/20220427/231649,7705,25,1e-05,0.19898422881582464
17,4,1.0,../data/dataset.pkl,cuda,unknown,5,0.0002,clinicalslidingwindow,5,40,../results,mean,../results/20220427/214248,86763,100,0.001,0.40162162162162157
18,4,1.0,../data/dataset.pkl,cuda,unknown,5,0.0002,clinicalslidingwindow,5,50,../results,mean,../results/20220427/214918,54619,100,0.001,0.30059574468085104
19,4,1.0,../data/dataset.pkl,cuda,unknown,5,0.0001,clinicalslidingwindow,5,50,../results,mean,../results/20220427/180249,20481,25,0.01,0.47289739500265815
20,4,1.0,../data/dataset.pkl,cuda,unknown,5,0.0002,clinicalslidingwindow,5,50,../results,mean,../results/20220427/222111,15317,25,0.01,0.2530134932533733
21,4,1.0,../data/dataset.pkl,cuda,unknown,5,0.0002,clinicalslidingwindow,5,50,../results,mean,../results/20220427/195552,96067,150,1e-05,0.3723502304147465
22,4,1.0,../data/dataset.pkl,cuda,unknown,5,0.0001,clinicalslidingwindow,5,50,../results,mean,../results/20220427/171247,30953,50,0.001,0.3678685156651258
23,4,1.0,../data/dataset.pkl,cuda,unknown,5,0.0002,clinicalslidingwindow,5,50,../results,mean,../results/20220427/204428,38843,100,0.0001,0.3566955266955267
24,4,1.0,../data/dataset.pkl,cuda,unknown,5,0.0002,clinicalslidingwindow,5,40,../results,mean,../results/20220427/230622,80013,150,0.01,0.3188131313131313
25,4,1.0,../data/dataset.pkl,cuda,unknown,5,0.0001,clinicalslidingwindow,5,50,../results,mean,../results/20220427/164119,18492,150,0.0001,0.3459198113207547
26,4,1.0,../data/dataset.pkl,cuda,unknown,5,0.0002,clinicalslidingwindow,5,30,../results,mean,../results/20220427/215535,41836,150,0.001,0.313974358974359
27,4,1.0,../data/dataset.pkl,cuda,unknown,5,0.0001,clinicalslidingwindow,5,30,../results,mean,../results/20220427/151003,21304,100,1e-05,0.5624908424908425
28,4,1.0,../data/dataset.pkl,cuda,unknown,5,0.0001,clinicalslidingwindow,5,30,../results,mean,../results/20220427/173823,93690,150,0.001,0.3980952380952381
29,4,1.0,../data/dataset.pkl,cuda,unknown,5,0.0001,clinicalslidingwindow,5,40,../results,mean,../results/20220427/175714,24814,25,0.01,0.3541920731707317
30,4,1.0,../data/dataset.pkl,cuda,unknown,5,0.0005,clinicalslidingwindow,5,50,../results,mean,../results/20220427/235756,29145,100,1e-05,0.2446825396825397
31,4,1.0,../data/dataset.pkl,cuda,unknown,5,0.0001,clinicalslidingwindow,5,50,../results,mean,../results/20220427/185251,30082,150,0.01,0.5240759465228626
32,4,1.0,../data/dataset.pkl,cuda,unknown,5,0.0002,clinicalslidingwindow,5,40,../results,mean,../results/20220427/222950,86142,50,0.01,0.15912698412698414
33,4,1.0,../data/dataset.pkl,cuda,unknown,5,0.0002,clinicalslidingwindow,5,50,../results,mean,../results/20220427/213247,36460,50,0.001,0.2176190476190476
34,4,1.0,../data/dataset.pkl,cuda,unknown,5,0.0001,clinicalslidingwindow,5,50,../results,mean,../results/20220427/162322,45779,100,0.0001,0.44333377060649787
35,4,1.0,../data/dataset.pkl,cuda,unknown,5,0.0002,clinicalslidingwindow,5,40,../results,mean,../results/20220427/205552,94710,150,0.0001,0.30058823529411766
36,4,1.0,../data/dataset.pkl,cuda,unknown,5,0.0002,clinicalslidingwindow,5,40,../results,mean,../results/20220427/193420,87310,100,1e-05,0.2905982905982906
37,4,1.0,../data/dataset.pkl,cuda,unknown,5,0.0001,clinicalslidingwindow,5,40,../results,mean,../results/20220427/184543,75785,150,0.01,0.4952714730752114
38,4,1.0,../data/dataset.pkl,cuda,unknown,5,0.0002,clinicalslidingwindow,5,30,../results,mean,../results/20220427/225936,49592,150,0.01,0.34930751647169556
39,4,1.0,../data/dataset.pkl,cuda,unknown,5,0.0001,clinicalslidingwindow,5,40,../results,mean,../results/20220427/181400,81161,50,0.01,0.4006909676474894
40,4,1.0,../data/dataset.pkl,cuda,unknown,5,0.0002,clinicalslidingwindow,5,30,../results,mean,../results/20220427/201919,34856,50,0.0001,0.36346736714487776
41,4,1.0,../data/dataset.pkl,cuda,unknown,5,0.0002,clinicalslidingwindow,5,40,../results,mean,../results/20220427/194755,15173,150,1e-05,0.28702791461412147
42,4,1.0,../data/dataset.pkl,cuda,unknown,5,0.0002,clinicalslidingwindow,5,30,../results,mean,../results/20220427/212322,31770,50,0.001,0.26317460317460317
43,4,1.0,../data/dataset.pkl,cuda,unknown,5,0.0001,clinicalslidingwindow,5,30,../results,mean,../results/20220427/160022,94332,50,0.0001,0.42766585673422935
44,4,1.0,../data/dataset.pkl,cuda,unknown,5,0.0001,clinicalslidingwindow,5,30,../results,mean,../results/20220427/164956,63129,25,0.001,0.41237364511021807
45,4,1.0,../data/dataset.pkl,cuda,unknown,5,0.0002,clinicalslidingwindow,5,50,../results,mean,../results/20220427/190740,47360,25,1e-05,0.1898866608544028
46,4,1.0,../data/dataset.pkl,cuda,unknown,5,0.0002,clinicalslidingwindow,5,50,../results,mean,../results/20220427/192157,50597,50,1e-05,0.21391096979332272
47,4,1.0,../data/dataset.pkl,cuda,unknown,5,0.0001,clinicalslidingwindow,5,40,../results,mean,../results/20220427/172628,29148,100,0.001,0.5911589911589912
48,4,1.0,../data/dataset.pkl,cuda,unknown,5,0.0002,clinicalslidingwindow,5,50,../results,mean,../results/20220427/211648,32494,25,0.001,0.2326061997703789
49,4,1.0,../data/dataset.pkl,cuda,unknown,5,0.0001,clinicalslidingwindow,5,30,../results,mean,../results/20220427/181026,49624,50,0.01,0.5317498267498266
50,4,1.0,../data/dataset.pkl,cuda,unknown,5,0.0002,clinicalslidingwindow,5,30,../results,mean,../results/20220427/205120,86559,150,0.0001,0.25991004497751125
51,4,1.0,../data/dataset.pkl,cuda,unknown,5,0.0001,clinicalslidingwindow,5,30,../results,mean,../results/20220427/154352,21903,25,0.0001,0.18143074581430746
52,4,1.0,../data/dataset.pkl,cuda,unknown,5,0.0005,clinicalslidingwindow,5,30,../results,mean,../results/20220427/233136,10211,50,1e-05,0.16582150101419874
53,4,1.0,../data/dataset.pkl,cuda,unknown,5,0.0001,clinicalslidingwindow,5,30,../results,mean,../results/20220427/152709,52639,150,1e-05,0.4409068888101146
54,4,1.0,../data/dataset.pkl,cuda,unknown,5,0.0002,clinicalslidingwindow,5,30,../results,mean,../results/20220427/224336,70210,100,0.01,0.22497354497354496
55,4,1.0,../data/dataset.pkl,cuda,unknown,5,0.0002,clinicalslidingwindow,5,30,../results,mean,../results/20220427/221138,20726,25,0.01,0.2467889908256881
56,4,1.0,../data/dataset.pkl,cuda,unknown,5,0.0002,clinicalslidingwindow,5,50,../results,mean,../results/20220427/202947,33137,50,0.0001,0.25563303175243474
57,4,1.0,../data/dataset.pkl,cuda,unknown,5,0.0002,clinicalslidingwindow,5,50,../results,mean,../results/20220427/220352,19840,150,0.001,0.3240740740740741
58,4,1.0,../data/dataset.pkl,cuda,unknown,5,0.0002,clinicalslidingwindow,5,30,../results,mean,../results/20220427/210723,13130,25,0.001,0.29493493493493494
59,4,1.0,../data/dataset.pkl,cuda,unknown,5,0.0001,clinicalslidingwindow,5,40,../results,mean,../results/20220427/160158,18553,50,0.0001,0.42542203495124653
60,4,1.0,../data/dataset.pkl,cuda,unknown,5,0.0001,clinicalslidingwindow,5,30,../results,mean,../results/20220427/170612,20343,50,0.001,0.26880324543610545
61,4,1.0,../data/dataset.pkl,cuda,unknown,5,0.0001,clinicalslidingwindow,5,40,../results,mean,../results/20220427/174019,90500,150,0.001,0.5919072836548565
62,4,1.0,../data/dataset.pkl,cuda,unknown,5,0.0002,clinicalslidingwindow,5,30,../results,mean,../results/20220427/194725,84235,150,1e-05,0.22261731658955716
63,4,1.0,../data/dataset.pkl,cuda,unknown,5,0.0001,clinicalslidingwindow,5,30,../results,mean,../results/20220427/172207,63864,100,0.001,0.49843137254901954
64,4,1.0,../data/dataset.pkl,cuda,unknown,5,0.0002,clinicalslidingwindow,5,40,../results,mean,../results/20220427/224800,92933,100,0.01,0.25563303175243474
65,4,1.0,../data/dataset.pkl,cuda,unknown,5,0.0002,clinicalslidingwindow,5,50,../results,mean,../results/20220427/194239,84346,100,1e-05,0.2695934959349594
66,4,1.0,../data/dataset.pkl,cuda,unknown,5,0.0005,clinicalslidingwindow,5,40,../results,mean,../results/20220427/235547,95400,100,1e-05,0.30284548699643044
67,4,1.0,../data/dataset.pkl,cuda,unknown,5,0.0002,clinicalslidingwindow,5,40,../results,mean,../results/20220427/212716,79440,50,0.001,0.3313147734200366
68,4,1.0,../data/dataset.pkl,cuda,unknown,5,0.0001,clinicalslidingwindow,5,40,../results,mean,../results/20220427/155114,639,25,0.0001,0.46977294343138815
69,4,1.0,../data/dataset.pkl,cuda,unknown,5,0.0001,clinicalslidingwindow,5,50,../results,mean,../results/20220427/152507,53274,100,1e-05,0.3553404661626599
70,4,1.0,../data/dataset.pkl,cuda,unknown,5,0.0002,clinicalslidingwindow,5,30,../results,mean,../results/20220427/191534,76134,50,1e-05,0.13333333333333333
71,4,1.0,../data/dataset.pkl,cuda,unknown,5,0.0002,clinicalslidingwindow,5,50,../results,mean,../results/20220427/205938,60246,150,0.0001,0.2947573930519667
72,4,1.0,../data/dataset.pkl,cuda,unknown,5,0.0001,clinicalslidingwindow,5,50,../results,mean,../results/20220427/181852,97924,50,0.01,0.39522946096001127
73,4,1.0,../data/dataset.pkl,cuda,unknown,5,0.0005,clinicalslidingwindow,5,30,../results,mean,../results/20220427/234730,5390,100,1e-05,0.20866773675762434
74,4,1.0,../data/dataset.pkl,cuda,unknown,5,0.0001,clinicalslidingwindow,5,50,../results,mean,../results/20220427/183506,52677,100,0.01,0.3334958727200107
75,4,1.0,../data/dataset.pkl,cuda,unknown,5,0.0001,clinicalslidingwindow,5,30,../results,mean,../results/20220427/182646,66107,100,0.01,0.6130218855218854
76,4,1.0,../data/dataset.pkl,cuda,unknown,5,0.0001,clinicalslidingwindow,5,40,../results,mean,../results/20220427/151414,7981,100,1e-05,0.22406130268199237
77,4,1.0,../data/dataset.pkl,cuda,unknown,5,0.0001,clinicalslidingwindow,5,30,../results,mean,../results/20220427/163402,88648,150,0.0001,0.36444444444444446
78,4,1.0,../data/dataset.pkl,cuda,unknown,5,0.0001,clinicalslidingwindow,5,40,../results,mean,../results/20220427/161943,27539,100,0.0001,0.2835642521471399
79,4,1.0,../data/dataset.pkl,cuda,unknown,5,0.0002,clinicalslidingwindow,5,30,../results,mean,../results/20220427/203520,97229,100,0.0001,0.25235042735042734
80,4,1.0,../data/dataset.pkl,cuda,unknown,5,0.0002,clinicalslidingwindow,5,40,../results,mean,../results/20220427/215934,32830,150,0.001,0.34225120109814683
81,4,1.0,../data/dataset.pkl,cuda,unknown,5,0.0002,clinicalslidingwindow,5,50,../results,mean,../results/20220427/201007,24292,25,0.0001,0.19480519480519481
82,4,1.0,../data/dataset.pkl,cuda,unknown,5,0.0002,clinicalslidingwindow,5,40,../results,mean,../results/20220427/202255,33614,50,0.0001,0.25349544072948327
83,4,1.0,../data/dataset.pkl,cuda,unknown,5,0.0001,clinicalslidingwindow,5,30,../results,mean,../results/20220427/161716,31507,100,0.0001,0.3381850853548968
84,4,1.0,../data/dataset.pkl,cuda,unknown,5,0.0002,clinicalslidingwindow,5,40,../results,mean,../results/20220427/203731,33002,100,0.0001,0.2577971646673937
85,4,1.0,../data/dataset.pkl,cuda,unknown,5,0.0002,clinicalslidingwindow,5,30,../results,mean,../results/20220427/185937,56251,25,1e-05,0.2530389908256881
86,4,1.0,../data/dataset.pkl,cuda,unknown,5,0.0005,clinicalslidingwindow,5,50,../results,mean,../results/20220427/233734,84384,50,1e-05,0.22386210611365476
87,4,1.0,../data/dataset.pkl,cuda,unknown,5,0.0001,clinicalslidingwindow,5,30,../results,mean,../results/20220427/175428,80917,25,0.01,0.3922315592903828
88,4,1.0,../data/dataset.pkl,cuda,unknown,5,0.0001,clinicalslidingwindow,5,50,../results,mean,../results/20220427/173008,95516,100,0.001,0.5253426791277258
89,4,1.0,../data/dataset.pkl,cuda,unknown,5,0.0001,clinicalslidingwindow,5,40,../results,mean,../results/20220427/183039,62338,100,0.01,0.42157749937473
90,4,1.0,../data/dataset.pkl,cuda,unknown,5,0.0002,clinicalslidingwindow,5,30,../results,mean,../results/20220427/222734,22334,50,0.01,0.3150696150696151
91,4,1.0,../data/dataset.pkl,cuda,unknown,5,0.0001,clinicalslidingwindow,5,50,../results,mean,../results/20220427/150411,6536,50,1e-05,0.524612696563774
92,4,1.0,../data/dataset.pkl,cuda,unknown,5,0.0001,clinicalslidingwindow,5,50,../results,mean,../results/20220427/144750,21787,25,1e-05,0.535606033717835
93,4,1.0,../data/dataset.pkl,cuda,unknown,5,0.0005,clinicalslidingwindow,5,50,../results,mean,../results/20220427/232828,52111,25,1e-05,0.14093939393939395
94,4,1.0,../data/dataset.pkl,cuda,unknown,5,0.0001,clinicalslidingwindow,5,40,../results,mean,../results/20220427/165045,62117,25,0.001,0.3788630009319664
95,4,1.0,../data/dataset.pkl,cuda,unknown,5,0.0002,clinicalslidingwindow,5,50,../results,mean,../results/20220427/223856,43208,50,0.01,0.2689060092449923
96,4,1.0,../data/dataset.pkl,cuda,unknown,5,0.0002,clinicalslidingwindow,5,40,../results,mean,../results/20220427/192044,24798,50,1e-05,0.29445891546294106
97,4,1.0,../data/dataset.pkl,cuda,unknown,5,0.0005,clinicalslidingwindow,5,40,../results,mean,../results/20220427/233625,25203,50,1e-05,0.21391096979332272
98,4,1.0,../data/dataset.pkl,cuda,unknown,5,0.0005,clinicalslidingwindow,5,30,../results,mean,../results/20220427/231545,54257,25,1e-05,0.20180180180180182
99,4,1.0,../data/dataset.pkl,cuda,unknown,5,0.0002,clinicalslidingwindow,5,40,../results,mean,../results/20220427/211116,70874,25,0.001,0.22661224489795914
100,4,1.0,../data/dataset.pkl,cuda,unknown,5,0.0002,clinicalslidingwindow,5,30,../results,mean,../results/20220427/200325,62578,25,0.0001,0.13333333333333333
101,4,1.0,../data/dataset.pkl,cuda,unknown,5,0.0002,clinicalslidingwindow,5,50,../results,mean,../results/20220427/230937,81328,150,0.01,0.44692363192363194
102,4,1.0,../data/dataset.pkl,cuda,unknown,5,1e-05,clinicalslidingwindow,5,40,../results,mean,../results/20220428/061849,96525,100,0.001,0.5995388471177944
103,4,1.0,../data/dataset.pkl,cuda,unknown,5,1e-05,clinicalslidingwindow,5,40,../results,mean,../results/20220428/072602,73857,100,0.01,0.6431746031746033
104,4,1.0,../data/dataset.pkl,cuda,unknown,5,2e-05,clinicalslidingwindow,5,50,../results,mean,../results/20220428/112307,76414,25,0.01,0.6102727079808308
105,4,1.0,../data/dataset.pkl,cuda,unknown,5,2e-05,clinicalslidingwindow,5,30,../results,mean,../results/20220428/075420,8771,25,1e-05,0.5772486772486772
106,4,1.0,../data/dataset.pkl,cuda,unknown,5,1e-06,clinicalslidingwindow,5,40,../results,mean,../results/20220428/183023,23186,100,0.0001,0.3596455437970164
107,4,1.0,../data/dataset.pkl,cuda,unknown,5,0.0005,clinicalslidingwindow,5,30,../results,mean,../results/20220428/025807,50657,100,0.01,0.20866773675762434
108,4,1.0,../data/dataset.pkl,cuda,unknown,5,5e-05,clinicalslidingwindow,5,30,../results,mean,../results/20220428/121839,80234,25,1e-05,0.6556304200840756
109,4,1.0,../data/dataset.pkl,cuda,unknown,5,2e-05,clinicalslidingwindow,5,30,../results,mean,../results/20220428/105554,91627,150,0.001,0.6104371387902796
110,4,1.0,../data/dataset.pkl,cuda,unknown,5,5e-05,clinicalslidingwindow,5,30,../results,mean,../results/20220428/123513,57919,50,1e-05,0.5994187291736193
111,4,1.0,../data/dataset.pkl,cuda,unknown,5,2e-05,clinicalslidingwindow,5,40,../results,mean,../results/20220428/112154,84071,25,0.01,0.6176379565365798
112,4,1.0,../data/dataset.pkl,cuda,unknown,5,0.0005,clinicalslidingwindow,5,30,../results,mean,../results/20220428/021024,64692,150,0.001,0.30502257983174014
113,4,1.0,../data/dataset.pkl,cuda,unknown,5,2e-05,clinicalslidingwindow,5,30,../results,mean,../results/20220428/093328,25374,100,0.0001,0.5980058134557286
114,4,1.0,../data/dataset.pkl,cuda,unknown,5,0.0005,clinicalslidingwindow,5,50,../results,mean,../results/20220428/013431,19253,25,0.001,0.13333333333333333
115,4,1.0,../data/dataset.pkl,cuda,unknown,5,5e-05,clinicalslidingwindow,5,40,../results,mean,../results/20220428/143418,33587,25,0.001,0.5643006741660352
116,4,1.0,../data/dataset.pkl,cuda,unknown,5,1e-06,clinicalslidingwindow,5,50,../results,mean,../results/20220428/181556,1933,50,0.0001,0.5458763563347107
117,4,1.0,../data/dataset.pkl,cuda,unknown,5,5e-05,clinicalslidingwindow,5,30,../results,mean,../results/20220428/143029,12078,25,0.001,0.5883568750836792
118,4,1.0,../data/dataset.pkl,cuda,unknown,5,2e-05,clinicalslidingwindow,5,30,../results,mean,../results/20220428/103931,28505,100,0.001,0.5995068154155487
119,4,1.0,../data/dataset.pkl,cuda,unknown,5,2e-05,clinicalslidingwindow,5,40,../results,mean,../results/20220428/080018,17206,25,1e-05,0.5757165114885472
120,4,1.0,../data/dataset.pkl,cuda,unknown,5,5e-05,clinicalslidingwindow,5,40,../results,mean,../results/20220428/163226,55221,150,0.01,0.5574833522122679
121,4,1.0,../data/dataset.pkl,cuda,unknown,5,1e-06,clinicalslidingwindow,5,30,../results,mean,../results/20220428/174908,47299,25,0.0001,0.3516996871741397
122,4,1.0,../data/dataset.pkl,cuda,unknown,5,0.0005,clinicalslidingwindow,5,30,../results,mean,../results/20220428/015435,38864,100,0.001,0.30191993464052286
123,4,1.0,../data/dataset.pkl,cuda,unknown,5,1e-05,clinicalslidingwindow,5,30,../results,mean,../results/20220428/055835,69026,50,0.001,0.6278668604984394
124,4,1.0,../data/dataset.pkl,cuda,unknown,5,1e-06,clinicalslidingwindow,5,30,../results,mean,../results/20220428/200059,98642,25,0.01,0.2311676510676965
125,4,1.0,../data/dataset.pkl,cuda,unknown,5,1e-06,clinicalslidingwindow,5,40,../results,mean,../results/20220428/180901,93199,50,0.0001,0.4422094965402052
126,4,1.0,../data/dataset.pkl,cuda,unknown,5,0.0005,clinicalslidingwindow,5,40,../results,mean,../results/20220428/002414,46186,25,0.0001,0.13333333333333333
127,4,1.0,../data/dataset.pkl,cuda,unknown,5,0.0005,clinicalslidingwindow,5,50,../results,mean,../results/20220428/010546,96085,100,0.0001,0.21623188405797097
128,4,1.0,../data/dataset.pkl,cuda,unknown,5,1e-05,clinicalslidingwindow,5,30,../results,mean,../results/20220428/045238,21048,50,0.0001,0.5904044241810199
129,4,1.0,../data/dataset.pkl,cuda,unknown,5,2e-05,clinicalslidingwindow,5,30,../results,mean,../results/20220428/081048,44239,50,1e-05,0.5932072829131654
130,4,1.0,../data/dataset.pkl,cuda,unknown,5,1e-06,clinicalslidingwindow,5,50,../results,mean,../results/20220428/204902,93499,100,0.01,0.4622222222222222
131,4,1.0,../data/dataset.pkl,cuda,unknown,5,1e-06,clinicalslidingwindow,5,50,../results,mean,../results/20220428/205954,71643,150,0.01,0.2782202111613877
132,4,1.0,../data/dataset.pkl,cuda,unknown,5,1e-06,clinicalslidingwindow,5,40,../results,mean,../results/20220428/200721,76383,25,0.01,0.3155743481324877
133,4,1.0,../data/dataset.pkl,cuda,unknown,5,2e-05,clinicalslidingwindow,5,50,../results,mean,../results/20220428/085758,47032,150,1e-05,0.6489647775422365
134,4,1.0,../data/dataset.pkl,cuda,unknown,5,2e-05,clinicalslidingwindow,5,50,../results,mean,../results/20220428/101449,80877,25,0.001,0.6201629072681704
135,4,1.0,../data/dataset.pkl,cuda,unknown,5,1e-06,clinicalslidingwindow,5,40,../results,mean,../results/20220428/172039,54413,100,1e-05,0.4241317490097978
136,4,1.0,../data/dataset.pkl,cuda,unknown,5,1e-05,clinicalslidingwindow,5,40,../results,mean,../results/20220428/063739,97713,150,0.001,0.6212560386473429
137,4,1.0,../data/dataset.pkl,cuda,unknown,5,1e-05,clinicalslidingwindow,5,30,../results,mean,../results/20220428/033000,95542,25,1e-05,0.6353718535469107
138,4,1.0,../data/dataset.pkl,cuda,unknown,5,1e-05,clinicalslidingwindow,5,30,../results,mean,../results/20220428/034631,82238,50,1e-05,0.6262504162504162
139,4,1.0,../data/dataset.pkl,cuda,unknown,5,0.0005,clinicalslidingwindow,5,30,../results,mean,../results/20220428/003511,47469,50,0.0001,0.21391096979332272
140,4,1.0,../data/dataset.pkl,cuda,unknown,5,1e-06,clinicalslidingwindow,5,50,../results,mean,../results/20220428/165344,31952,25,1e-05,0.4557242616439233
141,4,1.0,../data/dataset.pkl,cuda,unknown,5,1e-05,clinicalslidingwindow,5,50,../results,mean,../results/20220428/064129,68831,150,0.001,0.6134412784855263
142,4,1.0,../data/dataset.pkl,cuda,unknown,5,1e-06,clinicalslidingwindow,5,40,../results,mean,../results/20220428/184434,70458,150,0.0001,0.3120772946859903
143,4,1.0,../data/dataset.pkl,cuda,unknown,5,5e-05,clinicalslidingwindow,5,40,../results,mean,../results/20220428/145213,70153,50,0.001,0.5594142645971913
144,4,1.0,../data/dataset.pkl,cuda,unknown,5,0.0005,clinicalslidingwindow,5,50,../results,mean,../results/20220428/020149,5774,100,0.001,0.16580645161290325
145,4,1.0,../data/dataset.pkl,cuda,unknown,5,1e-05,clinicalslidingwindow,5,50,../results,mean,../results/20220428/052224,66426,100,0.0001,0.6375689283145529
146,4,1.0,../data/dataset.pkl,cuda,unknown,5,1e-05,clinicalslidingwindow,5,40,../results,mean,../results/20220428/060558,28837,50,0.001,0.6359358288770054
147,4,1.0,../data/dataset.pkl,cuda,unknown,5,1e-05,clinicalslidingwindow,5,40,../results,mean,../results/20220428/040850,85767,100,1e-05,0.6635043522785459
148,4,1.0,../data/dataset.pkl,cuda,unknown,5,2e-05,clinicalslidingwindow,5,40,../results,mean,../results/20220428/115114,12255,100,0.01,0.652420759317311
149,4,1.0,../data/dataset.pkl,cuda,unknown,5,0.0005,clinicalslidingwindow,5,50,../results,mean,../results/20220428/011241,93355,150,0.0001,0.17811414392059552
150,4,1.0,../data/dataset.pkl,cuda,unknown,5,5e-05,clinicalslidingwindow,5,50,../results,mean,../results/20220428/131944,50456,150,1e-05,0.631029900332226
151,4,1.0,../data/dataset.pkl,cuda,unknown,5,1e-05,clinicalslidingwindow,5,50,../results,mean,../results/20220428/043124,87852,150,1e-05,0.6455476171957467
152,4,1.0,../data/dataset.pkl,cuda,unknown,5,0.0005,clinicalslidingwindow,5,50,../results,mean,../results/20220428/025114,81223,50,0.01,0.24155810983397194
153,4,1.0,../data/dataset.pkl,cuda,unknown,5,1e-05,clinicalslidingwindow,5,50,../results,mean,../results/20220428/035913,45428,50,1e-05,0.680770485561533
154,4,1.0,../data/dataset.pkl,cuda,unknown,5,1e-05,clinicalslidingwindow,5,30,../results,mean,../results/20220428/061512,5500,100,0.001,0.5997997213514454
155,4,1.0,../data/dataset.pkl,cuda,unknown,5,1e-05,clinicalslidingwindow,5,40,../results,mean,../results/20220428/045933,89237,50,0.0001,0.6290429042904291
156,4,1.0,../data/dataset.pkl,cuda,unknown,5,5e-05,clinicalslidingwindow,5,30,../results,mean,../results/20220428/130754,69060,150,1e-05,0.5183882783882783
157,4,1.0,../data/dataset.pkl,cuda,unknown,5,5e-05,clinicalslidingwindow,5,30,../results,mean,../results/20220428/134043,3827,50,0.0001,0.6033766233766233
158,4,1.0,../data/dataset.pkl,cuda,unknown,5,1e-06,clinicalslidingwindow,5,50,../results,mean,../results/20220428/192019,58302,50,0.001,0.5035002195871761
159,4,1.0,../data/dataset.pkl,cuda,unknown,5,2e-05,clinicalslidingwindow,5,50,../results,mean,../results/20220428/091338,85729,25,0.0001,0.539640811651121
160,4,1.0,../data/dataset.pkl,cuda,unknown,5,5e-05,clinicalslidingwindow,5,30,../results,mean,../results/20220428/132415,94244,25,0.0001,0.6114906832298137
161,4,1.0,../data/dataset.pkl,cuda,unknown,5,5e-05,clinicalslidingwindow,5,50,../results,mean,../results/20220428/133319,82111,25,0.0001,0.6634109530952913
162,4,1.0,../data/dataset.pkl,cuda,unknown,5,2e-05,clinicalslidingwindow,5,50,../results,mean,../results/20220428/121405,71499,150,0.01,0.6988373424971364
163,4,1.0,../data/dataset.pkl,cuda,unknown,5,0.0005,clinicalslidingwindow,5,40,../results,mean,../results/20220428/020053,84175,100,0.001,0.20866773675762434
164,4,1.0,../data/dataset.pkl,cuda,unknown,5,1e-06,clinicalslidingwindow,5,30,../results,mean,../results/20220428/201718,32970,50,0.01,0.27222222222222225
165,4,1.0,../data/dataset.pkl,cuda,unknown,5,1e-06,clinicalslidingwindow,5,30,../results,mean,../results/20220428/183855,10622,150,0.0001,0.26027111574556827
166,4,1.0,../data/dataset.pkl,cuda,unknown,5,1e-05,clinicalslidingwindow,5,30,../results,mean,../results/20220428/052544,81839,150,0.0001,0.6185757185757186
167,4,1.0,../data/dataset.pkl,cuda,unknown,5,1e-06,clinicalslidingwindow,5,30,../results,mean,../results/20220428/171622,94561,100,1e-05,0.2888256571015192
168,4,1.0,../data/dataset.pkl,cuda,unknown,5,1e-05,clinicalslidingwindow,5,40,../results,mean,../results/20220428/033711,93146,25,1e-05,0.5909861954404858
169,4,1.0,../data/dataset.pkl,cuda,unknown,5,1e-05,clinicalslidingwindow,5,50,../results,mean,../results/20220428/041328,91038,100,1e-05,0.6846442487515567
170,4,1.0,../data/dataset.pkl,cuda,unknown,5,5e-05,clinicalslidingwindow,5,40,../results,mean,../results/20220428/160107,50213,50,0.01,0.5787883954635873
171,4,1.0,../data/dataset.pkl,cuda,unknown,5,1e-05,clinicalslidingwindow,5,30,../results,mean,../results/20220428/054206,80942,25,0.001,0.5595836465939559
172,4,1.0,../data/dataset.pkl,cuda,unknown,5,5e-05,clinicalslidingwindow,5,50,../results,mean,../results/20220428/124311,33175,50,1e-05,0.5750602661017222
173,4,1.0,../data/dataset.pkl,cuda,unknown,5,1e-05,clinicalslidingwindow,5,40,../results,mean,../results/20220428/070930,32665,50,0.01,0.6616845143160932
174,4,1.0,../data/dataset.pkl,cuda,unknown,5,1e-05,clinicalslidingwindow,5,50,../results,mean,../results/20220428/062805,52604,100,0.001,0.6357088325111582
175,4,1.0,../data/dataset.pkl,cuda,unknown,5,2e-05,clinicalslidingwindow,5,50,../results,mean,../results/20220428/082250,5186,50,1e-05,0.6037137287663603
176,4,1.0,../data/dataset.pkl,cuda,unknown,5,1e-06,clinicalslidingwindow,5,30,../results,mean,../results/20220428/180541,73221,50,0.0001,0.4527217265309235
177,4,1.0,../data/dataset.pkl,cuda,unknown,5,0.0005,clinicalslidingwindow,5,30,../results,mean,../results/20220428/013846,383,50,0.001,0.2142281879194631
178,4,1.0,../data/dataset.pkl,cuda,unknown,5,1e-05,clinicalslidingwindow,5,50,../results,mean,../results/20220428/073212,13188,100,0.01,0.5940988223246289
179,4,1.0,../data/dataset.pkl,cuda,unknown,5,2e-05,clinicalslidingwindow,5,30,../results,mean,../results/20220428/090029,54043,25,0.0001,0.6052747252747253
180,4,1.0,../data/dataset.pkl,cuda,unknown,5,0.0005,clinicalslidingwindow,5,30,../results,mean,../results/20220428/005105,36833,100,0.0001,0.25083743842364525
181,4,1.0,../data/dataset.pkl,cuda,unknown,5,2e-05,clinicalslidingwindow,5,40,../results,mean,../results/20220428/103221,99312,50,0.001,0.5538654244306419
182,4,1.0,../data/dataset.pkl,cuda,unknown,5,1e-05,clinicalslidingwindow,5,30,../results,mean,../results/20220428/072133,48657,100,0.01,0.5843956043956043
183,4,1.0,../data/dataset.pkl,cuda,unknown,5,5e-05,clinicalslidingwindow,5,30,../results,mean,../results/20220428/155325,28435,50,0.01,0.6629131652661064
184,4,1.0,../data/dataset.pkl,cuda,unknown,5,1e-06,clinicalslidingwindow,5,30,../results,mean,../results/20220428/165930,28603,50,1e-05,0.3043189368770764
185,4,1.0,../data/dataset.pkl,cuda,unknown,5,1e-05,clinicalslidingwindow,5,40,../results,mean,../results/20220428/052757,19375,150,0.0001,0.5697762976158206
186,4,1.0,../data/dataset.pkl,cuda,unknown,5,2e-05,clinicalslidingwindow,5,40,../results,mean,../results/20220428/104215,84526,100,0.001,0.5200564186771084
187,4,1.0,../data/dataset.pkl,cuda,unknown,5,0.0005,clinicalslidingwindow,5,50,../results,mean,../results/20220428/002434,93065,25,0.0001,0.205
188,4,1.0,../data/dataset.pkl,cuda,unknown,5,2e-05,clinicalslidingwindow,5,30,../results,mean,../results/20220428/111232,37824,25,0.01,0.6067692307692307
189,4,1.0,../data/dataset.pkl,cuda,unknown,5,1e-05,clinicalslidingwindow,5,50,../results,mean,../results/20220428/061054,63417,50,0.001,0.590408416643975
190,4,1.0,../data/dataset.pkl,cuda,unknown,5,0.0005,clinicalslidingwindow,5,50,../results,mean,../results/20220428/015236,18640,50,0.001,0.20866773675762434
191,4,1.0,../data/dataset.pkl,cuda,unknown,5,0.0005,clinicalslidingwindow,5,40,../results,mean,../results/20220428/031836,58637,150,0.01,0.2868131868131868
192,4,1.0,../data/dataset.pkl,cuda,unknown,5,0.0005,clinicalslidingwindow,5,40,../results,mean,../results/20220428/030511,87469,100,0.01,0.2142281879194631
193,4,1.0,../data/dataset.pkl,cuda,unknown,5,2e-05,clinicalslidingwindow,5,50,../results,mean,../results/20220428/105456,170,100,0.001,0.6381159420289855
194,4,1.0,../data/dataset.pkl,cuda,unknown,5,1e-06,clinicalslidingwindow,5,30,../results,mean,../results/20220428/191159,61438,50,0.001,0.22184397163120567
195,4,1.0,../data/dataset.pkl,cuda,unknown,5,1e-06,clinicalslidingwindow,5,40,../results,mean,../results/20220428/170239,23561,50,1e-05,0.44836548827181144
196,4,1.0,../data/dataset.pkl,cuda,unknown,5,1e-05,clinicalslidingwindow,5,30,../results,mean,../results/20220428/064822,68825,25,0.01,0.6251684930802078
197,4,1.0,../data/dataset.pkl,cuda,unknown,5,5e-05,clinicalslidingwindow,5,40,../results,mean,../results/20220428/125809,47883,100,1e-05,0.62320326638248
198,4,1.0,../data/dataset.pkl,cuda,unknown,5,1e-05,clinicalslidingwindow,5,30,../results,mean,../results/20220428/073754,37496,150,0.01,0.6304238397261653
199,4,1.0,../data/dataset.pkl,cuda,unknown,5,2e-05,clinicalslidingwindow,5,30,../results,mean,../results/20220428/112902,45030,50,0.01,0.6147728598816371
200,4,1.0,../data/dataset.pkl,cuda,unknown,5,0.0005,clinicalslidingwindow,5,50,../results,mean,../results/20220428/032606,92273,150,0.01,0.2515440115440116
201,4,1.0,../data/dataset.pkl,cuda,unknown,5,2e-05,clinicalslidingwindow,5,40,../results,mean,../results/20220428/092417,58543,50,0.0001,0.6076414697993084
202,4,1.0,../data/dataset.pkl,cuda,unknown,5,5e-05,clinicalslidingwindow,5,40,../results,mean,../results/20220428/142135,53999,150,0.0001,0.6372823891084761
203,4,1.0,../data/dataset.pkl,cuda,unknown,5,5e-05,clinicalslidingwindow,5,40,../results,mean,../results/20220428/161058,71554,100,0.01,0.673768115942029
204,4,1.0,../data/dataset.pkl,cuda,unknown,5,2e-05,clinicalslidingwindow,5,30,../results,mean,../results/20220428/084357,21702,150,1e-05,0.6478028404344194
205,4,1.0,../data/dataset.pkl,cuda,unknown,5,0.0005,clinicalslidingwindow,5,40,../results,mean,../results/20220428/005111,57059,100,0.0001,0.2467889908256881
206,4,1.0,../data/dataset.pkl,cuda,unknown,5,5e-05,clinicalslidingwindow,5,50,../results,mean,../results/20220428/153344,12212,150,0.001,0.6312600707881727
207,4,1.0,../data/dataset.pkl,cuda,unknown,5,0.0005,clinicalslidingwindow,5,30,../results,mean,../results/20220428/012250,12971,25,0.001,0.21391096979332272
208,4,1.0,../data/dataset.pkl,cuda,unknown,5,2e-05,clinicalslidingwindow,5,40,../results,mean,../results/20220428/113135,12376,50,0.01,0.6389264345546756
209,4,1.0,../data/dataset.pkl,cuda,unknown,5,5e-05,clinicalslidingwindow,5,30,../results,mean,../results/20220428/160950,6642,100,0.01,0.6273858380561526
210,4,1.0,../data/dataset.pkl,cuda,unknown,5,5e-05,clinicalslidingwindow,5,40,../results,mean,../results/20220428/152310,85614,150,0.001,0.600558692779046
211,4,1.0,../data/dataset.pkl,cuda,unknown,5,1e-05,clinicalslidingwindow,5,50,../results,mean,../results/20220428/065923,15908,25,0.01,0.5921422006064947
212,4,1.0,../data/dataset.pkl,cuda,unknown,5,0.0005,clinicalslidingwindow,5,40,../results,mean,../results/20220428/013150,44634,25,0.001,0.13333333333333333
213,4,1.0,../data/dataset.pkl,cuda,unknown,5,1e-05,clinicalslidingwindow,5,50,../results,mean,../results/20220428/055037,78918,25,0.001,0.6359330885352917
214,4,1.0,../data/dataset.pkl,cuda,unknown,5,5e-05,clinicalslidingwindow,5,40,../results,mean,../results/20220428/122111,35804,25,1e-05,0.5944789510006901
215,4,1.0,../data/dataset.pkl,cuda,unknown,5,2e-05,clinicalslidingwindow,5,50,../results,mean,../results/20220428/115335,81477,100,0.01,0.6224936851766121
216,4,1.0,../data/dataset.pkl,cuda,unknown,5,0.0005,clinicalslidingwindow,5,30,../results,mean,../results/20220428/031402,65311,150,0.01,0.2638666666666667
217,4,1.0,../data/dataset.pkl,cuda,unknown,5,2e-05,clinicalslidingwindow,5,40,../results,mean,../results/20220428/081433,80385,50,1e-05,0.5893198304963011
218,4,1.0,../data/dataset.pkl,cuda,unknown,5,2e-05,clinicalslidingwindow,5,40,../results,mean,../results/20220428/101225,60483,25,0.001,0.6211075360485475
219,4,1.0,../data/dataset.pkl,cuda,unknown,5,5e-05,clinicalslidingwindow,5,40,../results,mean,../results/20220428/140121,8078,100,0.0001,0.6146320346320346
220,4,1.0,../data/dataset.pkl,cuda,unknown,5,2e-05,clinicalslidingwindow,5,30,../results,mean,../results/20220428/082722,38707,100,1e-05,0.6098305056288249
221,4,1.0,../data/dataset.pkl,cuda,unknown,5,5e-05,clinicalslidingwindow,5,40,../results,mean,../results/20220428/133238,3225,25,0.0001,0.5601622163881241
222,4,1.0,../data/dataset.pkl,cuda,unknown,5,1e-05,clinicalslidingwindow,5,30,../results,mean,../results/20220428/070459,74748,50,0.01,0.5912554112554113
223,4,1.0,../data/dataset.pkl,cuda,unknown,5,5e-05,clinicalslidingwindow,5,30,../results,mean,../results/20220428/141404,7717,150,0.0001,0.616922077922078
224,4,1.0,../data/dataset.pkl,cuda,unknown,5,5e-05,clinicalslidingwindow,5,30,../results,mean,../results/20220428/162627,55118,150,0.01,0.5203144110577491
225,4,1.0,../data/dataset.pkl,cuda,unknown,5,5e-05,clinicalslidingwindow,5,50,../results,mean,../results/20220428/145555,25427,50,0.001,0.6490033577913195
226,4,1.0,../data/dataset.pkl,cuda,unknown,5,0.0005,clinicalslidingwindow,5,50,../results,mean,../results/20220428/001755,45292,150,1e-05,0.2857977059436913
227,4,1.0,../data/dataset.pkl,cuda,unknown,5,1e-06,clinicalslidingwindow,5,50,../results,mean,../results/20220428/201035,41355,25,0.01,0.29068825910931173
228,4,1.0,../data/dataset.pkl,cuda,unknown,5,0.0005,clinicalslidingwindow,5,40,../results,mean,../results/20220428/022916,88099,25,0.01,0.1784832451499118
229,4,1.0,../data/dataset.pkl,cuda,unknown,5,0.0005,clinicalslidingwindow,5,40,../results,mean,../results/20220428/000327,15994,150,1e-05,0.25624329159212883
230,4,1.0,../data/dataset.pkl,cuda,unknown,5,1e-05,clinicalslidingwindow,5,50,../results,mean,../results/20220428/050118,56852,50,0.0001,0.6140507111935684
231,4,1.0,../data/dataset.pkl,cuda,unknown,5,5e-05,clinicalslidingwindow,5,40,../results,mean,../results/20220428/154340,10387,25,0.01,0.5812447905471162
232,4,1.0,../data/dataset.pkl,cuda,unknown,5,0.0005,clinicalslidingwindow,5,50,../results,mean,../results/20220428/023921,36891,25,0.01,0.21391096979332272
233,4,1.0,../data/dataset.pkl,cuda,unknown,5,1e-06,clinicalslidingwindow,5,40,../results,mean,../results/20220428/193543,51268,100,0.001,0.428015873015873
234,4,1.0,../data/dataset.pkl,cuda,unknown,5,0.0005,clinicalslidingwindow,5,50,../results,mean,../results/20220428/004514,14458,50,0.0001,0.21391096979332272
235,4,1.0,../data/dataset.pkl,cuda,unknown,5,0.0005,clinicalslidingwindow,5,40,../results,mean,../results/20220428/021829,54024,150,0.001,0.20866773675762434
236,4,1.0,../data/dataset.pkl,cuda,unknown,5,1e-06,clinicalslidingwindow,5,30,../results,mean,../results/20220428/185523,56267,25,0.001,0.3373737373737373
237,4,1.0,../data/dataset.pkl,cuda,unknown,5,2e-05,clinicalslidingwindow,5,50,../results,mean,../results/20220428/080814,86075,25,1e-05,0.6407405363646397
238,4,1.0,../data/dataset.pkl,cuda,unknown,5,1e-05,clinicalslidingwindow,5,50,../results,mean,../results/20220428/044857,91656,25,0.0001,0.624445699228308
239,4,1.0,../data/dataset.pkl,cuda,unknown,5,1e-06,clinicalslidingwindow,5,30,../results,mean,../results/20220428/204950,4074,150,0.01,0.2142281879194631
240,4,1.0,../data/dataset.pkl,cuda,unknown,5,1e-05,clinicalslidingwindow,5,50,../results,mean,../results/20220428/071813,1157,50,0.01,0.6490407924243937
241,4,1.0,../data/dataset.pkl,cuda,unknown,5,1e-06,clinicalslidingwindow,5,50,../results,mean,../results/20220428/194039,96295,100,0.001,0.3727036844836534
242,4,1.0,../data/dataset.pkl,cuda,unknown,5,1e-06,clinicalslidingwindow,5,50,../results,mean,../results/20220428/171242,29754,50,1e-05,0.4443188989573551
243,4,1.0,../data/dataset.pkl,cuda,unknown,5,1e-05,clinicalslidingwindow,5,40,../results,mean,../results/20220428/054926,85577,25,0.001,0.5883538587848932
244,4,1.0,../data/dataset.pkl,cuda,unknown,5,1e-05,clinicalslidingwindow,5,40,../results,mean,../results/20220428/044005,38370,25,0.0001,0.5807254534083802
245,4,1.0,../data/dataset.pkl,cuda,unknown,5,1e-06,clinicalslidingwindow,5,40,../results,mean,../results/20220428/174031,57446,150,1e-05,0.38594982078853046
246,4,1.0,../data/dataset.pkl,cuda,unknown,5,2e-05,clinicalslidingwindow,5,40,../results,mean,../results/20220428/095242,55482,150,0.0001,0.5697437882355472
247,4,1.0,../data/dataset.pkl,cuda,unknown,5,5e-05,clinicalslidingwindow,5,30,../results,mean,../results/20220428/150401,89923,100,0.001,0.6593939393939395
248,4,1.0,../data/dataset.pkl,cuda,unknown,5,0.0005,clinicalslidingwindow,5,50,../results,mean,../results/20220428/031027,41795,100,0.01,0.2234674063800277
249,4,1.0,../data/dataset.pkl,cuda,unknown,5,1e-06,clinicalslidingwindow,5,40,../results,mean,../results/20220428/175326,3086,25,0.0001,0.36315025134984175
250,4,1.0,../data/dataset.pkl,cuda,unknown,5,1e-05,clinicalslidingwindow,5,50,../results,mean,../results/20220428/034034,23612,25,1e-05,0.6704238397261654
251,4,1.0,../data/dataset.pkl,cuda,unknown,5,1e-06,clinicalslidingwindow,5,40,../results,mean,../results/20220428/194812,95271,150,0.001,0.37996784869976363
252,4,1.0,../data/dataset.pkl,cuda,unknown,5,0.0005,clinicalslidingwindow,5,40,../results,mean,../results/20220428/013929,22940,50,0.001,0.23082021541010772
253,4,1.0,../data/dataset.pkl,cuda,unknown,5,1e-05,clinicalslidingwindow,5,30,../results,mean,../results/20220428/040302,27748,100,1e-05,0.639090752120258
254,4,1.0,../data/dataset.pkl,cuda,unknown,5,2e-05,clinicalslidingwindow,5,50,../results,mean,../results/20220428/114319,90042,50,0.01,0.6795549009981999
255,4,1.0,../data/dataset.pkl,cuda,unknown,5,1e-06,clinicalslidingwindow,5,30,../results,mean,../results/20220428/182220,56568,100,0.0001,0.3569439728353141
256,4,1.0,../data/dataset.pkl,cuda,unknown,5,2e-05,clinicalslidingwindow,5,50,../results,mean,../results/20220428/083607,77626,100,1e-05,0.634613243325353
257,4,1.0,../data/dataset.pkl,cuda,unknown,5,1e-06,clinicalslidingwindow,5,50,../results,mean,../results/20220428/174217,81719,150,1e-05,0.5189972480220159
258,4,1.0,../data/dataset.pkl,cuda,unknown,5,1e-06,clinicalslidingwindow,5,40,../results,mean,../results/20220428/185715,15948,25,0.001,0.4499414519906323
259,4,1.0,../data/dataset.pkl,cuda,unknown,5,1e-06,clinicalslidingwindow,5,30,../results,mean,../results/20220428/194431,92138,150,0.001,0.2928434749330272
260,4,1.0,../data/dataset.pkl,cuda,unknown,5,5e-05,clinicalslidingwindow,5,50,../results,mean,../results/20220428/130515,51543,100,1e-05,0.6828588813870134
261,4,1.0,../data/dataset.pkl,cuda,unknown,5,0.0005,clinicalslidingwindow,5,50,../results,mean,../results/20220428/022222,54371,150,0.001,0.21425116099071212
262,4,1.0,../data/dataset.pkl,cuda,unknown,5,5e-05,clinicalslidingwindow,5,30,../results,mean,../results/20220428/144659,13646,50,0.001,0.5837746806039488
263,4,1.0,../data/dataset.pkl,cuda,unknown,5,2e-05,clinicalslidingwindow,5,50,../results,mean,../results/20220428/103348,91239,50,0.001,0.6159898537325463
264,4,1.0,../data/dataset.pkl,cuda,unknown,5,1e-05,clinicalslidingwindow,5,40,../results,mean,../results/20220428/035200,60460,50,1e-05,0.5848770611896961
265,4,1.0,../data/dataset.pkl,cuda,unknown,5,5e-05,clinicalslidingwindow,5,30,../results,mean,../results/20220428/153700,60822,25,0.01,0.4554230608997344
266,4,1.0,../data/dataset.pkl,cuda,unknown,5,1e-06,clinicalslidingwindow,5,50,../results,mean,../results/20220428/195823,83454,150,0.001,0.5224164133738602
267,4,1.0,../data/dataset.pkl,cuda,unknown,5,2e-05,clinicalslidingwindow,5,30,../results,mean,../results/20220428/100620,32027,25,0.001,0.641956054230949
268,4,1.0,../data/dataset.pkl,cuda,unknown,5,0.0005,clinicalslidingwindow,5,40,../results,mean,../results/20220428/004500,6894,50,0.0001,0.1622994652406417
269,4,1.0,../data/dataset.pkl,cuda,unknown,5,0.0005,clinicalslidingwindow,5,40,../results,mean,../results/20220428/024908,63491,50,0.01,0.1857764876632801
270,4,1.0,../data/dataset.pkl,cuda,unknown,5,1e-06,clinicalslidingwindow,5,50,../results,mean,../results/20220428/180240,84122,25,0.0001,0.3154742547425474
271,4,1.0,../data/dataset.pkl,cuda,unknown,5,1e-05,clinicalslidingwindow,5,40,../results,mean,../results/20220428/065545,3775,25,0.01,0.6092232671543016
272,4,1.0,../data/dataset.pkl,cuda,unknown,5,5e-05,clinicalslidingwindow,5,50,../results,mean,../results/20220428/163423,49612,150,0.01,0.5813233574935703
273,4,1.0,../data/dataset.pkl,cuda,unknown,5,5e-05,clinicalslidingwindow,5,50,../results,mean,../results/20220428/144341,34651,25,0.001,0.5835956558061821
274,4,1.0,../data/dataset.pkl,cuda,unknown,5,1e-06,clinicalslidingwindow,5,30,../results,mean,../results/20220428/173236,59940,150,1e-05,0.32111667859699355
275,4,1.0,../data/dataset.pkl,cuda,unknown,5,1e-05,clinicalslidingwindow,5,50,../results,mean,../results/20220428/053832,59135,150,0.0001,0.5732039957836907
276,4,1.0,../data/dataset.pkl,cuda,unknown,5,5e-05,clinicalslidingwindow,5,50,../results,mean,../results/20220428/162311,77546,100,0.01,0.618240490338422
277,4,1.0,../data/dataset.pkl,cuda,unknown,5,5e-05,clinicalslidingwindow,5,50,../results,mean,../results/20220428/142355,13120,150,0.0001,0.6524396397631398
278,4,1.0,../data/dataset.pkl,cuda,unknown,5,5e-05,clinicalslidingwindow,5,50,../results,mean,../results/20220428/123118,54225,25,1e-05,0.657996506417559
279,4,1.0,../data/dataset.pkl,cuda,unknown,5,5e-05,clinicalslidingwindow,5,30,../results,mean,../results/20220428/125128,22097,100,1e-05,0.6264902875596242
280,4,1.0,../data/dataset.pkl,cuda,unknown,5,5e-05,clinicalslidingwindow,5,40,../results,mean,../results/20220428/134622,54897,50,0.0001,0.6195158793096937
281,4,1.0,../data/dataset.pkl,cuda,unknown,5,2e-05,clinicalslidingwindow,5,40,../results,mean,../results/20220428/110020,96146,150,0.001,0.621760047811146
282,4,1.0,../data/dataset.pkl,cuda,unknown,5,1e-05,clinicalslidingwindow,5,40,../results,mean,../results/20220428/074555,52774,150,0.01,0.6409003009540886
283,4,1.0,../data/dataset.pkl,cuda,unknown,5,1e-05,clinicalslidingwindow,5,40,../results,mean,../results/20220428/042647,63433,150,1e-05,0.607735093492215
284,4,1.0,../data/dataset.pkl,cuda,unknown,5,1e-06,clinicalslidingwindow,5,30,../results,mean,../results/20220428/192813,90789,100,0.001,0.2142281879194631
285,4,1.0,../data/dataset.pkl,cuda,unknown,5,1e-06,clinicalslidingwindow,5,40,../results,mean,../results/20220428/165037,68105,25,1e-05,0.3340277777777778
286,4,1.0,../data/dataset.pkl,cuda,unknown,5,1e-06,clinicalslidingwindow,5,30,../results,mean,../results/20220428/164258,7329,25,1e-05,0.29037593984962407
287,4,1.0,../data/dataset.pkl,cuda,unknown,5,5e-05,clinicalslidingwindow,5,50,../results,mean,../results/20220428/140748,19212,100,0.0001,0.5761491731774353
288,4,1.0,../data/dataset.pkl,cuda,unknown,5,1e-05,clinicalslidingwindow,5,40,../results,mean,../results/20220428/051617,71038,100,0.0001,0.6874701642443578
289,4,1.0,../data/dataset.pkl,cuda,unknown,5,2e-05,clinicalslidingwindow,5,50,../results,mean,../results/20220428/094541,32632,100,0.0001,0.5900298521835429
290,4,1.0,../data/dataset.pkl,cuda,unknown,5,1e-05,clinicalslidingwindow,5,30,../results,mean,../results/20220428/063143,77728,150,0.001,0.6332033113085745
291,4,1.0,../data/dataset.pkl,cuda,unknown,5,2e-05,clinicalslidingwindow,5,50,../results,mean,../results/20220428/110413,9279,150,0.001,0.6021410114433372
292,4,1.0,../data/dataset.pkl,cuda,unknown,5,5e-05,clinicalslidingwindow,5,50,../results,mean,../results/20220428/160618,90607,50,0.01,0.6370893558268974
293,4,1.0,../data/dataset.pkl,cuda,unknown,5,2e-05,clinicalslidingwindow,5,40,../results,mean,../results/20220428/090247,47233,25,0.0001,0.6132829960736937
294,4,1.0,../data/dataset.pkl,cuda,unknown,5,5e-05,clinicalslidingwindow,5,30,../results,mean,../results/20220428/135715,34918,100,0.0001,0.6575307553596473
295,4,1.0,../data/dataset.pkl,cuda,unknown,5,5e-05,clinicalslidingwindow,5,50,../results,mean,../results/20220428/151536,6600,100,0.001,0.6328957274609449
296,4,1.0,../data/dataset.pkl,cuda,unknown,5,5e-05,clinicalslidingwindow,5,50,../results,mean,../results/20220428/154434,88659,25,0.01,0.601863862733428
297,4,1.0,../data/dataset.pkl,cuda,unknown,5,2e-05,clinicalslidingwindow,5,50,../results,mean,../results/20220428/100413,21532,150,0.0001,0.6174958228905598
298,4,1.0,../data/dataset.pkl,cuda,unknown,5,5e-05,clinicalslidingwindow,5,30,../results,mean,../results/20220428/152042,95291,150,0.001,0.5743389118307614
299,4,1.0,../data/dataset.pkl,cuda,unknown,5,1e-05,clinicalslidingwindow,5,30,../results,mean,../results/20220428/050902,832,100,0.0001,0.6632985557691982
300,4,1.0,../data/dataset.pkl,cuda,unknown,5,1e-05,clinicalslidingwindow,5,30,../results,mean,../results/20220428/041942,91507,150,1e-05,0.5719413919413919
301,4,1.0,../data/dataset.pkl,cuda,unknown,5,5e-05,clinicalslidingwindow,5,40,../results,mean,../results/20220428/124237,45922,50,1e-05,0.47006711694490455
302,4,1.0,../data/dataset.pkl,cuda,unknown,5,5e-05,clinicalslidingwindow,5,40,../results,mean,../results/20220428/151134,22133,100,0.001,0.5710835058661146
303,4,1.0,../data/dataset.pkl,cuda,unknown,5,2e-05,clinicalslidingwindow,5,30,../results,mean,../results/20220428/091707,96063,50,0.0001,0.5949669867908424
304,4,1.0,../data/dataset.pkl,cuda,unknown,5,2e-05,clinicalslidingwindow,5,40,../results,mean,../results/20220428/120956,37829,150,0.01,0.5974312086381051
305,4,1.0,../data/dataset.pkl,cuda,unknown,5,1e-05,clinicalslidingwindow,5,50,../results,mean,../results/20220428/074740,12858,150,0.01,0.6158333333333333
306,4,1.0,../data/dataset.pkl,cuda,unknown,5,1e-06,clinicalslidingwindow,5,50,../results,mean,../results/20220428/172511,36827,100,1e-05,0.4645776772247361
307,4,1.0,../data/dataset.pkl,cuda,unknown,5,0.0005,clinicalslidingwindow,5,40,../results,mean,../results/20220428/011228,11745,150,0.0001,0.21391096979332272
308,4,1.0,../data/dataset.pkl,cuda,unknown,5,2e-05,clinicalslidingwindow,5,50,../results,mean,../results/20220428/092521,52265,50,0.0001,0.6272222222222222
309,4,1.0,../data/dataset.pkl,cuda,unknown,5,0.0005,clinicalslidingwindow,5,30,../results,mean,../results/20220428/010656,7868,150,0.0001,0.21773333333333333
310,4,1.0,../data/dataset.pkl,cuda,unknown,5,1e-06,clinicalslidingwindow,5,40,../results,mean,../results/20220428/202622,27935,50,0.01,0.28258706467661693
311,4,1.0,../data/dataset.pkl,cuda,unknown,5,2e-05,clinicalslidingwindow,5,40,../results,mean,../results/20220428/094141,83040,100,0.0001,0.5928540392314009
312,4,1.0,../data/dataset.pkl,cuda,unknown,5,0.0005,clinicalslidingwindow,5,30,../results,mean,../results/20220428/001921,83815,25,0.0001,0.13333333333333333
313,4,1.0,../data/dataset.pkl,cuda,unknown,5,0.0005,clinicalslidingwindow,5,30,../results,mean,../results/20220428/022620,3017,25,0.01,0.21391096979332272
314,4,1.0,../data/dataset.pkl,cuda,unknown,5,1e-06,clinicalslidingwindow,5,30,../results,mean,../results/20220428/203343,41480,100,0.01,0.18966183574879228
315,4,1.0,../data/dataset.pkl,cuda,unknown,5,2e-05,clinicalslidingwindow,5,30,../results,mean,../results/20220428/102252,24718,50,0.001,0.572063325956147
316,4,1.0,../data/dataset.pkl,cuda,unknown,5,2e-05,clinicalslidingwindow,5,30,../results,mean,../results/20220428/120209,82720,150,0.01,0.5922424242424242
317,4,1.0,../data/dataset.pkl,cuda,unknown,5,2e-05,clinicalslidingwindow,5,40,../results,mean,../results/20220428/085051,27026,150,1e-05,0.6244515591983095
318,4,1.0,../data/dataset.pkl,cuda,unknown,5,1e-06,clinicalslidingwindow,5,50,../results,mean,../results/20220428/190718,15647,25,0.001,0.395563990859974
319,4,1.0,../data/dataset.pkl,cuda,unknown,5,1e-06,clinicalslidingwindow,5,40,../results,mean,../results/20220428/191857,33196,50,0.001,0.39154749619145907
320,4,1.0,../data/dataset.pkl,cuda,unknown,5,1e-06,clinicalslidingwindow,5,50,../results,mean,../results/20220428/202857,97143,50,0.01,0.3282437521396782
321,4,1.0,../data/dataset.pkl,cuda,unknown,5,5e-05,clinicalslidingwindow,5,40,../results,mean,../results/20220428/131033,42890,150,1e-05,0.6096746031746032
322,4,1.0,../data/dataset.pkl,cuda,unknown,5,5e-05,clinicalslidingwindow,5,50,../results,mean,../results/20220428/135435,39373,50,0.0001,0.3457635467980295
323,4,1.0,../data/dataset.pkl,cuda,unknown,5,1e-06,clinicalslidingwindow,5,50,../results,mean,../results/20220428/185234,92665,150,0.0001,0.3882051282051282
324,4,1.0,../data/dataset.pkl,cuda,unknown,5,1e-06,clinicalslidingwindow,5,40,../results,mean,../results/20220428/203813,11301,100,0.01,0.21513513513513516
325,4,1.0,../data/dataset.pkl,cuda,unknown,5,2e-05,clinicalslidingwindow,5,30,../results,mean,../results/20220428/114537,84649,100,0.01,0.6036076047997507
326,4,1.0,../data/dataset.pkl,cuda,unknown,5,0.0005,clinicalslidingwindow,5,30,../results,mean,../results/20220428/024214,99680,50,0.01,0.1784832451499118
327,4,1.0,../data/dataset.pkl,cuda,unknown,5,2e-05,clinicalslidingwindow,5,30,../results,mean,../results/20220428/094954,90310,150,0.0001,0.6585383178406434
328,4,1.0,../data/dataset.pkl,cuda,unknown,5,1e-06,clinicalslidingwindow,5,40,../results,mean,../results/20220428/205543,18293,150,0.01,0.28609583660644144
329,4,1.0,../data/dataset.pkl,cuda,unknown,5,2e-05,clinicalslidingwindow,5,40,../results,mean,../results/20220428/083543,66813,100,1e-05,0.6454822054213535
330,4,1.0,../data/dataset.pkl,cuda,unknown,5,1e-05,clinicalslidingwindow,5,30,../results,mean,../results/20220428/043611,51544,25,0.0001,0.5921732791835884
